SET foreign_key_checks = 0;
INSERT INTO `asset_status` VALUES (1,NULL,0,0,0,0,1,1);
INSERT INTO `contact_type` VALUES (1,NULL,NULL,0);
INSERT INTO `country` VALUES (1,'AF'),(2,'AL'),(3,'DZ'),(4,'AS'),(5,'AD'),(6,'AO'),(7,'AI'),(8,'AQ'),(9,'AG'),(10,'AR'),(11,'AM'),(12,'AW'),(13,'AU'),(14,'AT'),(15,'AZ'),(16,'BS'),(17,'BH'),(18,'BD'),(19,'BB'),(20,'BY'),(21,'BE'),(22,'BZ'),(23,'BJ'),(24,'BM'),(25,'BT'),(26,'BO'),(27,'BA'),(28,'BW'),(29,'BV'),(30,'BR'),(31,'IO'),(32,'BN'),(33,'BG'),(34,'BF'),(35,'BI'),(36,'KH'),(37,'CM'),(38,'CA'),(39,'CV'),(40,'KY'),(41,'CF'),(42,'TD'),(43,'CL'),(44,'CN'),(45,'CX'),(46,'CC'),(47,'CO'),(48,'KM'),(49,'CG'),(50,'CK'),(51,'CR'),(52,'CI'),(53,'HR'),(54,'CU'),(55,'CY'),(56,'CZ'),(57,'CD'),(58,'DK'),(59,'DJ'),(60,'DM'),(61,'DO'),(62,'TP'),(63,'EC'),(64,'EG'),(65,'SV'),(66,'GQ'),(67,'ER'),(68,'EE'),(69,'ET'),(70,'FK'),(71,'FO'),(72,'FJ'),(73,'FI'),(74,'FR'),(75,'GF'),(76,'PF'),(77,'TF'),(78,'GA'),(79,'GM'),(80,'GE'),(81,'DE'),(82,'GH'),(83,'GI'),(84,'GR'),(85,'GL'),(86,'GD'),(87,'GP'),(88,'GU'),(89,'GT'),(90,'GN'),(91,'GW'),(92,'GY'),(93,'HT'),(94,'HM'),(95,'HN'),(96,'HK'),(97,'HU'),(98,'IS'),(99,'IN'),(100,'ID'),(101,'IR'),(102,'IQ'),(103,'IE'),(104,'IL'),(105,'IT'),(106,'JM'),(107,'JP'),(108,'JO'),(109,'KZ'),(110,'KE'),(111,'KI'),(112,'KR'),(113,'KW'),(114,'KG'),(115,'LA'),(116,'LV'),(117,'LB'),(118,'LS'),(119,'LR'),(120,'LY'),(121,'LI'),(122,'LT'),(123,'LU'),(124,'MO'),(125,'MK'),(126,'MG'),(127,'MW'),(128,'MY'),(129,'MV'),(130,'ML'),(131,'MT'),(132,'MH'),(133,'MQ'),(134,'MR'),(135,'MU'),(136,'YT'),(137,'MX'),(138,'FM'),(139,'MD'),(140,'MC'),(141,'MN'),(142,'MS'),(143,'MA'),(144,'MZ'),(145,'MM'),(146,'NA'),(147,'NR'),(148,'NP'),(149,'NL'),(150,'AN'),(151,'NC'),(152,'NZ'),(153,'NI'),(154,'NE'),(155,'NG'),(156,'NU'),(157,'NF'),(158,'KP'),(159,'MP'),(160,'NO'),(161,'OM'),(162,'PK'),(163,'PW'),(164,'PA'),(165,'PG'),(166,'PY'),(167,'PE'),(168,'PH'),(169,'PN'),(170,'PL'),(171,'PT'),(172,'PR'),(173,'QA'),(174,'RE'),(175,'RO'),(176,'RU'),(177,'RW'),(178,'WS'),(179,'SM'),(180,'ST'),(181,'SA'),(182,'SN'),(183,'YU'),(184,'SC'),(185,'SL'),(186,'SG'),(187,'SK'),(188,'SI'),(189,'SB'),(190,'SO'),(191,'ZA'),(192,'GS'),(193,'ES'),(194,'LK'),(195,'SH'),(196,'KN'),(197,'LC'),(198,'PM'),(199,'VC'),(200,'SD'),(201,'SR'),(202,'SJ'),(203,'SZ'),(204,'SE'),(205,'CH'),(206,'SY'),(207,'TW'),(208,'TJ'),(209,'TZ'),(210,'TH'),(211,'TG'),(212,'TK'),(213,'TO'),(214,'TT'),(215,'TN'),(216,'TR'),(217,'TM'),(218,'TC'),(219,'TV'),(220,'UG'),(221,'UA'),(222,'AE'),(223,'UK'),(224,'US'),(225,'UM'),(226,'UY'),(227,'UZ'),(228,'VU'),(229,'VA'),(230,'VE'),(231,'VN'),(232,'VG'),(233,'VI'),(234,'WF'),(235,'YE'),(236,'ZM'),(237,'ZW');
INSERT INTO `currency` VALUES (1,'US$','USD','US',0),(2,'C$','CAD','CA',0),(3,'&#8364;','EUR','EU',0),(4,'&#165;','JPY','JP',0),(5,'&#163;','GBP','UK',0),(6,'&#8361;','KRW','KR',0),(7,'Sf','CHF','CH',0),(8,'SeK','SEK','SE',0),(9,'S$','SGD','SG',0),(10,'M$','MYR','MY',0),(11,'$','AUD','AU',0);
INSERT INTO `currency_exchange` VALUES (1,0,2,1.3250000000,'2004-03-09 05:00:00',1,'1970-01-01'),(2,0,3,0.8118000000,'2004-03-09 05:00:00',1,'1970-01-01'),(3,0,4,111.4000000000,'2004-03-09 05:00:00',1,'1970-01-01'),(4,0,5,0.5479000000,'2004-03-09 05:00:00',1,'1970-01-01'),(5,0,6,1171.0000000000,'2004-03-09 05:00:00',1,'1970-01-01'),(6,0,7,1.2300000000,'2004-07-06 04:00:00',1,'1970-01-01'),(7,0,8,7.4700000000,'2004-07-06 04:00:00',1,'1970-01-01'),(10,0,9,1.6800000000,'2004-10-12 04:00:00',1,'1970-01-01'),(11,0,10,3.8000000000,'2004-10-12 04:00:00',1,'1970-01-01'),(12,0,11,1.2880000000,'2007-01-25 05:00:00',1,'1970-01-01');

--
-- Dumping data for table `device_type`
--

LOCK TABLES `device_type` WRITE;
/*!40000 ALTER TABLE `device_type` DISABLE KEYS */;
INSERT INTO `device_type` VALUES (1),(2),(3),(4);
/*!40000 ALTER TABLE `device_type` ENABLE KEYS */;
UNLOCK TABLES;

INSERT INTO `event_log_message` VALUES (1),(2),(3),(4),(5),(6),(7),(8),(9),(10),(11),(12),(13),(14),(15),(16),(17),(18),(19),(20),(21),(22),(23),(24),(25),(26),(27),(28),(29),(30),(31),(32),(33),(34),(35),(36),(37),(38),(39),(40);
INSERT INTO `event_log_module` VALUES (1),(2),(3),(4),(5),(6),(7),(8),(9),(10),(11),(12),(13),(14),(15);
INSERT INTO `generic_status` VALUES (1,'user_status',1,1,NULL,NULL,NULL,NULL),(2,'user_status',2,1,NULL,NULL,NULL,NULL),(3,'user_status',3,1,NULL,NULL,NULL,NULL),(4,'user_status',4,1,NULL,NULL,NULL,NULL),(5,'user_status',5,0,NULL,NULL,NULL,NULL),(6,'user_status',6,0,NULL,NULL,NULL,NULL),(7,'user_status',7,0,NULL,NULL,NULL,NULL),(8,'user_status',8,0,NULL,NULL,NULL,NULL),(9,'subscriber_status',1,NULL,NULL,NULL,NULL,NULL),(10,'subscriber_status',2,NULL,NULL,NULL,NULL,NULL),(11,'subscriber_status',3,NULL,NULL,NULL,NULL,NULL),(12,'subscriber_status',4,NULL,NULL,NULL,NULL,NULL),(13,'subscriber_status',5,NULL,NULL,NULL,NULL,NULL),(14,'subscriber_status',6,NULL,NULL,NULL,NULL,NULL),(15,'subscriber_status',7,NULL,NULL,NULL,NULL,NULL),(16,'order_status',1,NULL,NULL,NULL,NULL,NULL),(17,'order_status',2,NULL,NULL,NULL,NULL,NULL),(18,'order_status',3,NULL,NULL,NULL,NULL,NULL),(19,'order_status',4,NULL,NULL,NULL,NULL,NULL),(26,'invoice_status',1,NULL,NULL,NULL,NULL,NULL),(27,'invoice_status',2,NULL,NULL,NULL,NULL,NULL),(28,'invoice_status',3,NULL,NULL,NULL,NULL,NULL),(33,'process_run_status',1,NULL,NULL,NULL,NULL,NULL),(34,'process_run_status',2,NULL,NULL,NULL,NULL,NULL),(35,'process_run_status',3,NULL,NULL,NULL,NULL,NULL),(36,'order_change_status',1,NULL,0,'NO',NULL,0),(37,'order_change_status',2,NULL,0,'NO',NULL,0),
(200,'device_status',1,NULL,NULL,NULL,NULL,NULL),
(201,'device_status',2,NULL,NULL,NULL,NULL,NULL),
(202,'device_status',3,NULL,NULL,NULL,NULL,NULL), 
(203,'device_status',4,NULL,NULL,NULL,NULL,NULL),
(204,'user_device_status',1,NULL,NULL,NULL,NULL,NULL),
(205,'user_device_status',2,NULL,NULL,NULL,NULL,NULL),
(206,'user_device_status',3,NULL,NULL,NULL,NULL,NULL),
(207,'service_status',1,NULL,NULL,NULL,NULL,NULL),
(208,'service_status',2,NULL,NULL,NULL,NULL,NULL),
(209,'deferred_action_status',1,NULL,NULL,NULL,NULL,NULL),
(210,'deferred_action_status',2,NULL,NULL,NULL,NULL,NULL),
(211,'deferred_action_status',3,NULL,NULL,NULL,NULL,NULL),
(212,'voucher_status',1,NULL,NULL,NULL,NULL,NULL),
(213,'voucher_status',2,NULL,NULL,NULL,NULL,NULL),
(214,'voucher_status',3,NULL,NULL,NULL,NULL,NULL),
(215,'voucher_status',4,NULL,NULL,NULL,NULL,NULL),
(216,'voucher_status',5,NULL,NULL,NULL,NULL,NULL),
(217,'scheduler_type',1,NULL,NULL,NULL,NULL,NULL),
(218,'scheduler_type',2,NULL,NULL,NULL,NULL,NULL),
(219,'scheduler_status',1,NULL,NULL,NULL,NULL,NULL),
(220,'scheduler_status',2,NULL,NULL,NULL,NULL,NULL),
(221,'scheduler_status',3,NULL,NULL,NULL,NULL,NULL),
(222,'bundle_status',1,NULL,NULL,NULL,NULL,NULL),
(223,'bundle_status',2,NULL,NULL,NULL,NULL,NULL),
(224,'bundle_status',3,NULL,NULL,NULL,NULL,NULL),
(225,'mediation_record_status',1,NULL,NULL,NULL,NULL,NULL),
(226,'mediation_record_status',2,NULL,NULL,NULL,NULL,NULL),
(227,'mediation_record_status',3,NULL,NULL,NULL,NULL,NULL),
(228,'mediation_record_status',4,NULL,NULL,NULL,NULL,NULL),
(229,'order_status',1,NULL,NULL,NULL,NULL,NULL),
(230,'order_status',2,NULL,NULL,NULL,NULL,NULL),
(231,'order_status',3,NULL,NULL,NULL,NULL,NULL),
(232,'order_status',4,NULL,NULL,NULL,NULL,NULL);
INSERT INTO `generic_status_type` VALUES ('invoice_status'),('order_change_status'),('order_status'),('process_run_status'),('subscriber_status'),('user_status'),('bundle_status'),
('device_status'),
('mediation_record_status'),
('order_line_provisioning_status'),
('scheduler_status'),
('scheduler_type'),
('service_status'),
('user_device_status'),
('voucher_status'),
('deferred_action_status');
INSERT INTO `international_description` VALUES (4,1,'description',1,'United States Dollar'),(4,1,'description',2,'DÓlares Norte Americanos'),(4,1,'description',3,'US-Dollar'),(4,1,'description',4,'Dollar américain'),(4,2,'description',1,'Canadian Dollar'),(4,2,'description',2,'DÓlares Canadianos'),(4,2,'description',3,'Kanadischer Dollar'),(4,2,'description',4,'Dollar canadien'),(4,3,'description',1,'Euro'),(4,3,'description',2,'Euro'),(4,3,'description',3,'Euro'),(4,3,'description',4,'Euro'),(4,4,'description',1,'Yen'),(4,4,'description',2,'Ien'),(4,4,'description',3,'Yen'),(4,4,'description',4,'Yen'),(4,5,'description',1,'Pound Sterling'),(4,5,'description',2,'Libras Estrelinas'),(4,5,'description',3,'Pfund Sterling'),(4,5,'description',4,'Livre Sterling'),(4,6,'description',1,'Won'),(4,6,'description',2,'Won'),(4,6,'description',3,'Won'),(4,6,'description',4,'Won'),(4,7,'description',1,'Swiss Franc'),(4,7,'description',2,'Franco Suíço'),(4,7,'description',3,'Schweizer Franken'),(4,7,'description',4,'Franc suisse'),(4,8,'description',1,'Swedish Krona'),(4,8,'description',2,'Coroa Sueca'),(4,8,'description',3,'Schwedische Krone'),(4,8,'description',4,'couronne suédoise'),(4,9,'description',1,'Singapore Dollar'),(4,9,'description',2,'DÓlar da Singapura'),(4,9,'description',3,'Singapur Dollar'),(4,9,'description',4,'Dollar de Singapour'),(4,10,'description',1,'Malaysian Ringgit'),(4,10,'description',2,'Ringgit Malasiano'),(4,10,'description',3,'Malaysischer Ringgit'),(4,10,'description',4,'Ringgit malaysien'),(4,11,'description',1,'Australian Dollar'),(4,11,'description',2,'DÓlar Australiano'),(4,11,'description',3,'Australischer Dollar'),(4,11,'description',4,'Dollar australien'),(4,60,'description',4,'Dollar australien'),(4,61,'description',4,'AUd'),(4,62,'description',4,'Dollar australien'),(4,63,'description',4,'Dollar australien'),(4,64,'description',4,'Bitcoin'),(6,1,'description',1,'Month'),(6,1,'description',2,'Mês'),(6,1,'description',3,'Monat'),(6,1,'description',4,'Mois'),(6,2,'description',1,'Week'),(6,2,'description',2,'Semana'),(6,2,'description',3,'Woche'),(6,2,'description',4,'Semaine'),(6,3,'description',1,'Day'),(6,3,'description',2,'Dia'),(6,3,'description',3,'Tag'),(6,3,'description',4,'Jour'),(6,4,'description',1,'Year'),(6,4,'description',2,'Ano'),(6,4,'description',3,'Jahr'),(6,4,'description',4,'Année'),(6,5,'description',1,'Semi-Monthly'),(6,5,'description',3,'Zeimal monatlich'),(6,5,'description',4,'Deux fois par mois'),(7,1,'description',1,'Email'),(7,1,'description',2,'Email'),(7,1,'description',3,'Email'),(7,1,'description',4,'E-mail'),(7,2,'description',1,'Paper'),(7,2,'description',2,'Papel'),(7,2,'description',3,'Papoer'),(7,2,'description',4,'Papier'),(7,3,'description',1,'Email + Paper'),(7,3,'description',2,'Email + Papel'),(7,3,'description',3,'Email + Papier'),(7,3,'description',4,'E-mail + Papier'),(9,1,'description',1,'Active'),(9,1,'description',2,'Activo'),(9,1,'description',3,'Aktiv'),(9,1,'description',4,'Actif'),(17,1,'description',1,'One time'),(17,1,'description',2,'uma vez'),(17,1,'description',3,'Einmal'),(17,1,'description',4,'Une fois'),(17,5,'description',1,'All Orders'),(17,5,'description',3,'Alle Auftrège'),(17,5,'description',4,'Toutes les commandes'),(18,1,'description',1,'Items'),(18,1,'description',2,'Items'),(18,1,'description',3,'Artikel'),(18,1,'description',4,'Articles'),(18,2,'description',1,'Tax'),(18,2,'description',2,'Imposto'),(18,2,'description',3,'Steuer'),(18,2,'description',4,'Taxe'),(18,3,'description',1,'Penalty'),(18,3,'description',2,'Penalidade'),(18,3,'description',3,'Strafe'),(18,3,'description',4,'Pénalité'),(18,4,'description',1,'Discount'),(18,4,'description',3,'Rabatt'),(18,4,'description',4,'Réduction'),(18,5,'description',1,'Subscription'),(18,5,'description',3,'Abonnement'),(18,5,'description',4,'Abonnement'),(19,1,'description',1,'pre paid'),(19,1,'description',2,'Pré pago'),(19,1,'description',3,'vorausbezahlt'),(19,1,'description',4,'prépayée'),(19,2,'description',1,'post paid'),(19,2,'description',2,'Pós pago'),(19,2,'description',3,'danach bezahlt'),(19,2,'description',4,'post-payée'),(20,1,'description',1,'Active'),(20,1,'description',2,'Activo'),(20,2,'description',1,'Finished'),(20,2,'description',2,'Terminado'),(20,3,'description',1,'Suspended'),(20,3,'description',2,'Suspenso'),(20,4,'description',1,'Suspended (auto)'),(20,4,'description',2,'Suspender (auto)'),(23,1,'description',1,'Item management and order line total calculation'),(23,1,'description',3,'Artikel Management und Auftragsposition Gesamtberechnung'),(23,1,'description',4,'Gestion des articles et calcul du total des lignes de commande'),(23,2,'description',1,'Billing process: order filters'),(23,2,'description',3,'Abrechnungsprozess: Bestellung Filter'),(23,2,'description',4,'Processus de facturation : filtres des commandes'),(23,3,'description',1,'Billing process: invoice filters'),(23,3,'description',3,'Abrechnungsprozess: Rechnung Filter'),(23,3,'description',4,'Processus de facturation : filtres des factures'),(23,4,'description',1,'Invoice presentation'),(23,4,'description',3,'Rechnungsvorlage'),(23,4,'description',4,'Présentation des factures'),(23,5,'description',1,'Billing process: order periods calculation'),(23,5,'description',3,'Abrechnungsprozess:  Auftragskalkulation Zeitraum'),(23,5,'description',4,'Processus de facturation : calcul des périodes de commande'),(23,6,'description',1,'Payment gateway integration'),(23,6,'description',3,'Zahlungs Gateway integration'),(23,6,'description',4,'Intégration d\'une passerelle de paiement'),(23,7,'description',1,'Notifications'),(23,7,'description',3,'Mitteilungen'),(23,7,'description',4,'Notifications'),(23,8,'description',1,'Payment instrument selection'),(23,8,'description',3,'Zahlungsinstrument Auswahl'),(23,8,'description',4,'Sélection d\'un instrument de paiement'),(23,9,'description',1,'Penalties for overdue invoices'),(23,9,'description',3,'Strafen fƒr ƒberfèllige Rechnungen'),(23,9,'description',4,'Pénalités pour les factures impayées'),(23,10,'description',1,'Alarms when a payment gateway is down'),(23,10,'description',3,'Alarmiert wen nein Zahlungs Gateway nicht funktioniert'),(23,10,'description',4,'Alertes quand une passerelle de paiement est en dysfonctionnement'),(23,11,'description',1,'Subscription status manager'),(23,11,'description',3,'Abonnement Status Manager'),(23,11,'description',4,'Gestionnaire de statut des abonnements'),(23,12,'description',1,'Parameters for asynchronous payment processing'),(23,12,'description',3,' Parameter fƒr Asynchron-Zahlungsabwicklung'),(23,12,'description',4,'Paramètres pour le traitement asynchrone des paiements'),(23,13,'description',1,'Add one product to order'),(23,13,'description',3,'Ein Produkt zur Bestllung hinzufƒgen'),(23,13,'description',4,'Ajouter un produit à commander'),(23,14,'description',1,'Product pricing'),(23,14,'description',3,'Produktpreise'),(23,14,'description',4,'Prix du produit'),(23,15,'description',3,'Vermittlungs Reader'),(23,15,'description',4,'Visionneuse de médiation'),(23,16,'description',3,'Vermittlungs Prozessor'),(23,16,'description',4,'Système de traitement de la médiation'),(23,17,'description',1,'Generic internal events listener'),(23,17,'description',3,'generische interne Ereignisse ZuhÖrer'),(23,17,'description',4,'Observateur d\'évènements internes génériques'),(23,18,'description',3,'externer Beschaffungsprozessor '),(23,18,'description',4,'Système de traitement de l\'approvisionnement externe'),(23,19,'description',1,'Purchase validation against pre-paid balance / credit limit'),(23,19,'description',3,' Kauf Validierung gegen Prepaid-Guthaben / Kreditlimit'),(23,19,'description',4,'Validation de l\'achat par rapport au solde prépayé/à la limite de crédit'),(23,20,'description',1,'Billing process: customer selection'),(23,20,'description',3,'Abrechnungsprozess: Kundenauswahl'),(23,20,'description',4,'Processus de facturation : sélection du client'),(23,21,'description',3,'Vermittlungsfehler Steuerungsprogram'),(23,21,'description',4,'Gestionnaire des erreurs de médiation'),(23,22,'description',1,'Scheduled Plug-ins'),(23,22,'description',3,'Geplante Plug-ins'),(23,22,'description',4,'Plugins programmés'),(23,23,'description',1,'Rules Generators'),(23,23,'description',3,'Regelgenarator'),(23,23,'description',4,'Générateurs de règles'),(23,24,'description',1,'Ageing for customers with overdue invoices'),(23,24,'description',3,'Vergƒtung fƒr Kunden mit ƒberfèlligen Rechnungen'),(23,24,'description',4,'Avancement de phase pour les clients avec des factures en retard de paiement'),(23,25,'description',1,'Agent Commission Calculation Process.'),(23,25,'description',4,'Processus de calcul des commissions des agents'),(23,26,'description',1,'Files exchange with remote locations, upload and download'),(23,26,'description',4,'Échange de fichiers avec des sites distants, télécharger'),(24,1,'description',1,'Calculates the order total and the total for each line, considering the item prices, the quantity and if the prices are percentage or not.'),(24,1,'description',3,'Berechnet die Auftragssumme und die Summe fƒr jede Zeile, unter Berƒcksichtigung der Artikelpreise, der Menge und ob die Preise ein Prozentsatz sind oder nicht.'),(24,1,'description',4,'Calcule le total de la commande et la total pour chaque ligne, en prenant en compte les prix des articles, the quantity and if the prices are percentage or not.'),(24,1,'title',1,'Default order totals'),(24,1,'title',3,'Standard Auftragssumme'),(24,1,'title',4,'Totaux des commandes par défaut'),(24,2,'description',1,'Adds an additional line to the order with a percentage charge to represent the value added tax.'),(24,2,'description',3,'Fƒgt eine zusètzliche Zeile zum Autrag hinzu mit einem Prozentsatz um die Mehrwertsteuer darzustellen.'),(24,2,'description',4,'Ajoute une ligne supplémentaire à la commentaire avec une majoration en pourcentage représentant la taxe sur la valeur ajoutée.'),(24,2,'title',1,'VAT'),(24,2,'title',3,'VAT'),(24,2,'title',4,'TVA'),(24,3,'description',1,'A very simple implementation that sets the due date of the invoice. The due date is calculated by just adding the period of time to the invoice date.'),(24,3,'description',3,'Eine sehr einfache Implementierung, die das Fèlligkeitsdatum der Rechnung festsetzt. Das Fèlligkeitsdatum wird berechnet der Zeitraum auf das Rechnungsdatum hinzugefƒgt wird.'),(24,3,'description',4,'Une intégration très simple qui permet de définir la date d\'échéance de la facture. La date d\'échéance est calculée en ajoutant simplement la période de temps à la date facturée.'),(24,3,'title',1,'Invoice due date'),(24,3,'title',3,'Rechnung Fèlligkeitsdatum'),(24,3,'title',4,'Date d\'échéance de la facture'),(24,4,'description',1,'This task will copy all the lines on the orders and invoices to the new invoice, considering the periods involved for each order, but not the fractions of periods. It will not copy the lines that are taxes. The quantity and total of each line will be multiplied by the amount of periods.'),(24,4,'description',3,'Diese Aufgabe wird alle Linien auf den Bestellungen und Rechnungen auf die neuen Rechnung kopieren, unter Berƒcksichtigung der Zeitrèume fƒr jeden beteiligten Auftrag, nicht aber die Fraktionen von Zeitrèumen. Die Zeilen, die Steuern sind werden nicht kopiert. Die Menge und Gesamtbetrag jeder Zeile wird durch die Menge der Zeitrèume multipliziert werden.'),(24,4,'description',4,'Cette tâche copiera toutes les lignes sur les commandes et les factures vers la nouvelle facture, en prenant en compte les périodes concernées pour chaque commande, but not the fractions of periods. It will not copy the lines that are taxes. The quantity and total of each line will be multiplied by the amount of periods.'),(24,4,'title',1,'Default invoice composition.'),(24,4,'title',3,'Standard Rechnungszusammensetzung.'),(24,4,'title',4,'Composition de la facture par défaut.'),(24,5,'description',1,'Decides if an order should be included in an invoice for a given billing process.  This is done by taking the billing process time span, the order period, the active since/until, etc.'),(24,5,'description',3,' Entscheidet, ob eine Bestellung in einer Rechnung fƒr einen bestimmten Abrechnungsprozess einbezogen werden soll. Dies geschieht, indem man die Abrechnungszeitspanne, den Zeitraum, die aktive Zeit seit/bis, usw berechnet'),(24,5,'description',4,'Décide si une commande doit être incluse dans une facture pour un processus de facturation donné.  Cela s\'effectue en prenant la période déterminée pour le processus de facturation, la période de commande, the active since/until, etc.'),(24,5,'title',1,'Standard Order Filter'),(24,5,'title',3,'Standard Bestellungs Filter'),(24,5,'title',4,'Filtre standard pour les commandes'),(24,6,'description',1,'Always returns true, meaning that the overdue invoice will be carried over to a new invoice.'),(24,6,'description',3,' Gibt immer True zurƒck, was bedeutet, dass die ƒberfèllige Rechnung auf eine neue Rechnung ƒbertragen wird.'),(24,6,'description',4,'Renvoie toujours une valeur vraie, ce qui signifie que la facture impayée sera reportée sur une nouvelle facture.'),(24,6,'title',1,'Standard Invoice Filter'),(24,6,'title',3,'Standard Rechnungs Filter'),(24,6,'title',4,'Filtre pour les factures standard'),(24,7,'description',1,'Calculates the start and end period to be included in an invoice. This is done by taking the billing process time span, the order period, the active since/until, etc.'),(24,7,'description',3,'Berechnet den Beginn und den Endzeitraum in einer Rechnung. Dies geschieht, indem man die Abrechnungszeitspanne, den Zeitraum, die aktiven Zeit seit/bis, usw berechnet.'),(24,7,'description',4,'Calcule le début et la fin de la période à inclure dans une facture. Cela s\'effectue en prenant la période déterminée pour le processus de facturation, la période de commande, the active since/until, etc.'),(24,7,'title',1,'Default Order Periods'),(24,7,'title',3,'Standard Bestellungszeitraum'),(24,7,'title',4,'Périodes de commande par défaut'),(24,8,'description',1,'Integration with the authorize.net payment gateway.'),(24,8,'description',3,'Integration mit dem  authorize.net Zahlungs Gateway.'),(24,8,'description',4,'Intégration avec la passerelle de paiement authorize.net.'),(24,8,'title',1,'Authorize.net payment processor'),(24,8,'title',3,'Authorize.net Zahlungsprozessor'),(24,8,'title',4,'Système de traitement des paiements Authorize.net'),(24,9,'description',1,'Notifies a user by sending an email. It supports text and HTML emails'),(24,9,'description',3,'Teil dem Benutzer etwas per Email mit. Text und HTML Emails sind unterstƒzt.'),(24,9,'description',4,'Notifie un utilisateur par l\'envoi d\'un e-mail. Les e-mails texte et HTML sont pris en charge'),(24,9,'title',1,'Standard Email Notification'),(24,9,'title',3,'Standard Email Mitteilungen'),(24,9,'title',4,'Notification standard par e-mail'),(24,10,'description',1,'Finds the information of a payment method available to a customer, given priority to credit card. In other words, it will return the credit car of a customer or the ACH information in that order.'),(24,10,'description',3,'Findet die Informationen einer Zahlungsmethode die dem Kunden zur Verfƒgung stehen, Prioritèt auf Kreditkarten. Mit anderen Worten, es wird die Kreditkarte eines Kunden oder die ACH Informationen in dieser Reihenfolge zurƒckgeben.'),(24,10,'description',4,'Trouve les informations sur une méthode de paiement disponible pour un utilisateur, priorité étant donné aux cartes bancaires. En d\'autres termes, it will return the credit car of a customer or the ACH information in that order.'),(24,10,'title',1,'Default payment information'),(24,10,'title',3,'Standard Zahlungsinformationen'),(24,10,'title',4,'Informations relatives au paiement par défaut'),(24,11,'description',1,'Plug-in useful only for testing'),(24,11,'description',3,'Plug-in nur hilfreich fƒr Testing useful'),(24,11,'description',4,'Plugin uniquement utile à des fins de test'),(24,11,'title',1,'Testing plug-in for partner payouts'),(24,11,'title',3,'Testing plug-in fƒr Partner Auszahlungen'),(24,11,'title',4,'Test du plugin pour le paiement des partenaires'),(24,12,'description',1,'Will generate a PDF version of an invoice.'),(24,12,'description',3,'Wird eine PDF Version der Rechnung generieren.'),(24,12,'description',4,'Génèrera une version PDF d\'une facture.'),(24,12,'title',1,'PDF invoice notification'),(24,12,'title',3,'PDF Rechnung Mitteilung'),(24,12,'title',4,'Notification de facture au format PDF'),(24,14,'description',1,'Returns always false, which makes jBilling to never carry over an invoice into another newer invoice.'),(24,14,'description',3,'Kommt immer falsch zurƒck, das ist warum Jbilling nie eine Rechnung auf eine neue Rechnung ƒbertrègt.'),(24,14,'description',4,'Renvoie toujours une valeur fausse, ce qui que jBilling ne reporte jamais une facture sur une autre plus récente.'),(24,14,'title',1,'No invoice carry over'),(24,14,'title',3,'Keine åbertragung der Rechnung'),(24,14,'title',4,'Aucune facture à reporter'),(24,15,'description',1,'Will create a new order with a penalty item. The item is taken as a parameter to the task.'),(24,15,'description',3,'Wird eine neue Bestellung mit einem Strafeartikel erstellen. Der Artikel wird als Parameter der Aufgabe gemacht.'),(24,15,'description',4,'Créera une nouvelle commande avec un article Pénalité. l\'article est considéré comme un paramètre de la tâche.'),(24,15,'title',1,'Default interest task'),(24,15,'title',3,'Standard Interessepflicht'),(24,15,'title',4,'Tâche relative aux intérêts par défaut'),(24,16,'description',1,'Extends BasicOrderFilterTask, modifying the dates to make the order applicable a number of months before it would be by using the default filter.'),(24,16,'description',3,' Erstreckt BasicOrderFilterTask, modifiziert die Daten, um die Bestellung ein paar Monaten im Vorraus zutreffen zu lassen, bevor es den Standardfilter benutzen wƒrde.'),(24,16,'description',4,'Étend BasicOrderFilterTask, en modifiant les dates pour que la commande soit applicable pendant un nombre de mois dans le passé plus élevé que ce qu\'elle aurait dû en utilisant le filtre par défaut.'),(24,16,'title',1,'Anticipated order filter'),(24,16,'title',3,'Voraussichtlicher Bestellungsfilter'),(24,16,'title',4,'Filtre pour les commandes anticipées'),(24,17,'description',1,'Extends BasicOrderPeriodTask, modifying the dates to make the order applicable a number of months before itd be by using the default task.'),(24,17,'description',3,' Erstreckt BasicOrderFilterTask, modifiziert die Daten, um die Bestellung ein paar Monaten im Vorraus zutreffen zu lassen, bevor es den Standardfilter benutzen wƒrde.'),(24,17,'description',4,'Étend BasicOrderPeriodTask, en modifiant les dates pour que la commande soit applicable pendant un nombre de mois dans le passé plus élevé que ce qu\'elle aurait dû en utilisant la tâche par défaut.'),(24,17,'title',1,'Anticipate order periods.'),(24,17,'title',3,'Voraussichtliche Bestellungszeitrèume.'),(24,17,'title',4,'Anticiper les périodes de commande'),(24,19,'description',1,'Extends the standard authorize.net payment processor to also send an email to the company after processing the payment.'),(24,19,'description',3,' Erweitert den standard authorize.net Zahlungsprozessor, und sendet auch eine E-Mail an das Unternehmen nach der Verarbeitung der Bezahlung.'),(24,19,'description',4,'Élargit les capacités du système de traitement des paiements standard authorize.net pour qu\'il puisse également envoyer un e-mail à la société après le traitement du paiement.'),(24,19,'title',1,'Email & process authorize.net'),(24,19,'title',3,'Email & Prozess authorize.net'),(24,19,'title',4,'E-mail et traitement authorize.net'),(24,20,'description',1,'Sends an email to the billing administrator as an alarm when a payment gateway is down.'),(24,20,'description',3,'Sendet eine E-Mail an die Rechnungsadministrator als Alarm, wenn ein Zahlungsportal ausfèllt.'),(24,20,'description',4,'Envoie un e-mail au gestionnaire de facturation pour l\'avertir qu\'une passerelle de paiement est en dysfonctionnement.'),(24,20,'title',1,'Payment gateway down alarm'),(24,20,'title',3,'Zahlungs Gateway ausgefallen alarm'),(24,20,'title',4,'Alerte Passerelle en dysfonctionnement.'),(24,21,'description',1,'A test payment processor implementation to be able to test jBillings functions without using a real payment gateway.'),(24,21,'description',3,' Ein Test der Zahlungsprozessorimplementierung, um jBillings Funktionen testen zu kÖnnen, ohne einen echten Zahlungs- Gateway zu benutzen.'),(24,21,'description',4,'Mise en place d\'un système de traitement des paiements de test pour permettre de tester les fonctions de jBillings sans utiliser une véritable passerelle de paiement.'),(24,21,'title',1,'Test payment processor'),(24,21,'title',3,'Test Zahlungsprozessor'),(24,21,'title',4,'Traitement test des paiements'),(24,22,'description',1,'Allows a customer to be assigned a specific payment gateway. It checks a custom contact field to identify the gateway and then delegates the actual payment processing to another plugin.'),(24,22,'description',3,'AEin Kunde kann einem bestimmten Zahlungs-Gateway zugeordnet werden. Es prƒft ein benutzerdefiniertes Kontaktfeld, um den Gateway zu identifizieren und delegiert dann die Zahlungsabwicklung zu einem anderen Plug-in.'),(24,22,'description',4,'Il permet à un client de se voir assigné une passerelle de paiement spécifique. Le champ Contact personnalisé est vérifié en vue d\'identifier la passerelle, puis le traitement du paiement réel est traité par un autre plugin.'),(24,22,'title',1,'Router payment processor based on Custom Fields'),(24,22,'title',3,'Router Zahlungsprozessor auf kundenspezifische Felder basiert'),(24,22,'title',4,'Système de traitement des paiements via un routeur basé sur les champs personnalisés'),(24,23,'description',1,'It determines how a payment event affects the subscription status of a user, considering its present status and a state machine.'),(24,23,'description',3,'Es legt fest, wie ein Zahlungsereignis sich auf den Abo-Status eines Benutzers auswirkt, gemessen an dem gegenwèrtigen Status und einer Zustandsmaschine.'),(24,23,'description',4,'Détermine la manière dont un évènement lié à un paiement affecte le statut de l\'abonnement d\'un utilisateur, en prenant en compte son statut actuel et une machine d\'état.'),(24,23,'title',1,'Default subscription status manager'),(24,23,'title',3,'Standard Abonnement Status Manager'),(24,23,'title',4,'Gestionnaire de statut des abonnements par défaut'),(24,24,'description',1,'Integration with the ACH commerce payment gateway.'),(24,24,'description',3,'Integration mit dem ACH commerce Zahlungs Gateway.'),(24,24,'description',4,'Intégration avec la passerelle de paiement commercial ACH.'),(24,24,'title',1,'ACH Commerce payment processor'),(24,24,'title',3,'ACH Commerce Zahlungsprozessor'),(24,24,'title',4,'Système de traitement des paiements commerçants ACH'),(24,25,'description',1,'A dummy task that does not add any parameters for asynchronous payment processing. This is the default.'),(24,25,'description',3,' Eine Dummy Aufgabe, die keine Parameter fƒr asynchrone Zahlungsabwicklung hinzufƒgt. Dies ist der Standard.'),(24,25,'description',4,'Une tâche factice qui n\'ajoute aucun paramètre pour le traitement des paiements asynchrone. C\'est le défaut.'),(24,25,'title',1,'Standard asynchronous parameters'),(24,25,'title',3,'Standard asynchrone Parameter '),(24,25,'title',4,'Paramètres asynchrones standards'),(24,26,'description',1,'This plug-in adds parameters for asynchronous payment processing to have one processing message bean per payment processor. It is used in combination with the router payment processor plug-ins.'),(24,26,'description',3,'Dieser Plug-in fƒgt Parameter fƒr Asynchrone Zahlungsabwicklung hinzu, um eine Verarbeitungsnachricht bean pro Zahlungsprozessor zu haben. Es wird in Kombination mit den Router Zahlungsprozessor -PlugIns verwendet.'),(24,26,'description',4,'Ce plugin ajoute des paramètres pour le traitement des paiements asynchrone pour qu\'il ait un ben de message de traitement par système de traitement des paiements. Il est utilisé en combinaison avec les plugins des systèmes de traitement des paiements via un routeur.'),(24,26,'title',1,'Router asynchronous parameters'),(24,26,'title',3,'Router asynchrone Parameter'),(24,26,'title',4,'Paramètres asynchrones via un routeur'),(24,28,'description',1,'It adds items to an order. If the item is already in the order, it only updates the quantity.'),(24,28,'description',3,'Es fƒgt Artikel zu einer Bestellung hinzu. Wenn der Artikel bereits in der Bestellung ist, aktualisiert es nur die Menge.'),(24,28,'description',4,'Il ajoute des articles à une commande. Si l\'article est déjà dans la commande, il ne met à jour que la quantité.'),(24,28,'title',1,'Standard Item Manager'),(24,28,'title',3,'Standard Artikel Manager'),(24,28,'title',4,'Gestionnaire d\'articles standard'),(24,29,'description',1,'This is a rules-based plug-in. It will do what the basic item manager does (actually calling it); but then it will execute external rules as well. These external rules have full control on changing the order that is getting new items.'),(24,29,'description',3,'Dies ist ein regelbasierte Plug-in. Er wird das tun, was der Grundelementmanager tut (eigentlich genannt); aber dann wird er auch externe Regeln durchfƒhren. Diese externen Regeln haben die volle Kontrolle ƒber die Bestllung die neue Artikel bekommt.'),(24,29,'description',4,'Il s\'agit d\'un plugin basé sur des règles. Il fera ce que le gestionnaire d\'articles basique fait (l\'appeler en réalité), mais ensuite il exécutera également des règles externes. Ces règles externes ont un contrôle total sur le changement de la commande qui reçoit de nouveaux articles.'),(24,29,'title',1,'Rules Item Manager'),(24,29,'title',3,'Regelartikel Manager'),(24,29,'title',4,'Gestionnaire de l\'article Règles'),(24,30,'description',1,'This is a rules-based plug-in. It calculates the total for an order line (typically this is the price multiplied by the quantity); allowing for the execution of external rules.'),(24,30,'description',3,' Dies ist ein regelbasierter Plug-in. Er berechnet die Gesamtsumme fƒr eine Bestellung (in der Regel ist dies der Preis, multipliziert mit der Menge); so dass externe Regeln durchgefƒhrt werden kÖnnen.'),(24,30,'description',4,'Il s\'agit d\'un plug-in basé sur des règles. Il calcule le total pour une ligne de commande (généralement il s\'agit du prix multiplié par la quantité), permettant ainsi l\'exécution des règles externes.'),(24,30,'title',1,'Rules Line Total'),(24,30,'title',3,'Regel Zeile Gesamtsumme'),(24,30,'title',4,'Règles du total de la ligne'),(24,31,'description',3,'Dies ist ein regelbasierter Plug-in. Er gibt den Preis eines Artikels durch die Ausfƒhrung externer Vorschriften. Anschlieºend kÖnnen Sie Logik extern fƒr die Preise hinzufƒgen. Es ist auch mit dem Vermittlungsverfahren integriert, durch den Zugang zu der Vermittlungspreisdaten.'),(24,31,'description',4,'Il s\'agit d\'un plug-in basé sur des règles. Il donne un prix à un article en appliquant des règles externes. Vous pouvez ajouter une logique externe pour la tarification. Il est également intégré avec le processus de médiation en ayant accès aux données de tarification de la médiation.'),(24,31,'title',1,'Rules Pricing'),(24,31,'title',3,'Regelpreise'),(24,31,'title',4,'Règles de tarification'),(24,32,'description',3,' Dies ist ein Reader fƒr das Vermittlungsverfahren. Er liest Datensètze aus einer Textdatei, deren Felder durch ein Zeichen (oder Zeichenfolge) getrennt sind.'),(24,32,'description',4,'Il s\'agit d\'une visionneuse pour le processus de médiation. Il lit les enregistrements provenant d\'un fichier texte dont les champs sont séparés par un caractère (ou une chaîne de caractères).'),(24,32,'title',1,'Separator file reader'),(24,32,'title',3,'Trenner Datei Reader'),(24,32,'title',4,'Visionneuse de fichier avec séparateur'),(24,33,'description',3,'Dies ist ein regelbasierter Plug-In (siehe Kapitel 7). Er nimmt eine Ereignisaufzeichnung aus dem Vermittlungsverfahren und fƒhrt externe Regeln durch, um den Datensatz in aussagekrèftige Abrechungsdaten zu ƒbersetzen. Dies ist der Kern des Vermittlungselements, siehe die ? Telecom Guide? Dokumentation fƒr weitere Informationen.'),(24,33,'description',4,'Il s\'agit d\'un plug-in basé sur des règles (voir Chapitre 7) Il effectue un enregistrement des évènements à partir du processus de médiation et il exécute des règles externes pour traduire l\'enregistrement en données de facturation pertinentes. Il s\'agit d\'un élément essentiel du composant de la médiation, reportez-vous au \'Guide des télécoms\' pour obtenir plus d\'informations.'),(24,33,'title',3,'Regel Vermittlungsprozessor'),(24,33,'title',4,'Système de traitement des règles de médiation'),(24,34,'description',3,' Dies ist ein Reader fƒr das Vermittlungsverfahren. Er liest Datensètze aus einer Textdatei, deren Felder fixierte Positionen haben, und der Datensatz hat eine feste Lènge.'),(24,34,'description',4,'Il s\'agit d\'une visionneuse pour le processus de médiation. Il lit les enregistrements provenant d\'un fichier texte dont les champs ont des positions fixes, \'et l\'enregistrement dispose d\'une longueur fixe.'),(24,34,'title',1,'Fixed length file reader'),(24,34,'title',3,'Festgelegte Lènge Dateireader'),(24,34,'title',4,'Lecteur de fichier avec longueur fixe'),(24,35,'description',1,'This is exactly the same as the standard payment information task, the only difference is that it does not validate if the credit card is expired. Use this plug-in only if you want to submit payment with expired credit cards.'),(24,35,'description',3,'Das ist genau das gleiche wie die Standard-Zahlungsinformationen Aufgabe, der einzige Unterschied ist, dass es nicht validiert, wenn die Kreditkarte abgelaufen ist. Verwenden Sie dieses Plug-in nur, wenn Sie die Zahlung mit abgelaufene Kreditkarten einreichen mÖchten.'),(24,35,'description',4,'Il s\'agit d\'exactement la même chose que pour la tâche des informations relatives aux paiements, la seule différence est qu\'il ne valide pas si la carte bancaire a expiré. Utilisez ce plugin uniqumenet si vous voulez envoyer des paiements avec des cartes bancaires expirées.'),(24,35,'title',1,'Payment information without validation'),(24,35,'title',3,'Zahlungsinformationen ohne Bestètigung'),(24,35,'title',4,'Informations relatives aux paiements sans validation'),(24,36,'description',1,'This plug-in is only used for testing purposes. Instead of sending an email (or other real notification); it simply stores the text to be sent in a file named emails_sent.txt.'),(24,36,'description',3,' Dieser Plug-in ist nur zu Testzwecken zu verwenden. Anstatt einer E-Mail (oder anderen wirklichen Mitteilungen); speichert es einfach den Text in einer Datei mit dem Namen emails_sent.txt.'),(24,36,'description',4,'Ce plugin est uniquement utilisé à des fins de test. Au lieu d\'envoyer un e-mail (ou une autre notification réelle), il stocke simplement le texte à envoyer dans un fichier appelé emails_sent.txt.'),(24,36,'title',1,'Notification task for testing'),(24,36,'title',3,'Mitteilung fƒr Testing'),(24,36,'title',4,'Tâche de notification à des fins de test'),(24,37,'description',1,'This plugin takes into consideration the field cycle starts of orders to calculate fractional order periods.'),(24,37,'description',3,' Dieses Plugin berƒcksichtigt den Feldkreislauf der Bestellungen um zu die Teilbestellzeiten zu berechnen.'),(24,37,'description',4,'Ce plugin prend en considération le champ Débuts de cycles des commandes pour calculer des périodes de commande fractionnées.'),(24,37,'title',1,'Order periods calculator with pro rating.'),(24,37,'title',3,' Bestellfristen Rechner mit Pro-Bewertung.'),(24,37,'title',4,'Calculateur de périodes de commande avec paiement au prorata.'),(24,38,'description',1,'When creating an invoice from an order, this plug-in will pro-rate any fraction of a period taking a day as the smallest billable unit.'),(24,38,'description',3,' Bei der Erstellung einer Rechnung aus einer Bestellung, wird dieses Plug-in jeder Bruchteil eines Zeitraums berechnen, mit einem Tages als kleinste abrechenbare Einheit.'),(24,38,'description',4,'Lors de la création d\'une facture à partir d\'une commande, ce plugin payera au prorata toute fraction d\'une période en prenant un jour comme unité facturable la plus petite.'),(24,38,'title',1,'Invoice composition task with pro-rating (day as fraction)'),(24,38,'title',3,' Rechnungs Zusammensetzungsaufgabe mit pro-Rating (Tag-Fraktion)'),(24,38,'title',4,'Tâche de composition des factures avec paiement au prorata (jour sous forme de fraction)'),(24,39,'description',1,'Integration with the Intraanuity payment gateway.'),(24,39,'description',3,'Integration mit dem Intraanuity Zahlungs Gateway.'),(24,39,'description',4,'Intégration avec la passerelle de paiement Intraanuity.'),(24,39,'title',1,'Payment process for the Intraanuity payment gateway'),(24,39,'title',3,'Zahlungsprozess fƒr den Intraanuity Zahlungs Gateway'),(24,39,'title',4,'Processus de paiement pour la passerelle de paiement Intraanuity'),(24,40,'description',1,'This plug-in will create a new order with a negative price to reflect a credit when an order is canceled within a period that has been already invoiced.'),(24,40,'description',3,' Dieser Plug-in wird eine neue Bestllung mit einem negativen Preis erstellen, welche einen Kredit widerspiegelt, wenn eine Bestellung innerhalb eines bereits abgerechneten Zeitraums storniert wurde.'),(24,40,'description',4,'Ce plugin créera une nouvelle commande avec un prix négatif afin de refléter un crédit lorsqu\'une commande est annulée au cours d\'une période qui a déjà été facturée.'),(24,40,'title',1,'Automatic cancellation credit.'),(24,40,'title',3,'Automatischer Storierungskredit.'),(24,40,'title',4,'Crédit automatique pour annulation.'),(24,42,'description',1,'Used for blocking payments from reaching real payment processors. Typically configured as first payment processor in the processing chain.'),(24,42,'description',3,' Verwendet fƒr die Sperrung der Zahlungen vom Erreichen realer Zahlungsdienste. In der Regel als erster Zahlungsprozessor in der Verarbeitungskette konfiguriert.'),(24,42,'description',4,'Il est utilisé pour empêcher que les paiements n\'atteignent de véritables systèmes de traitement des paiements. Il est généralement configuré comme premier système de traitement des paiements dans la chaîne de traitement.'),(24,42,'title',1,'Blacklist filter payment processor.'),(24,42,'title',3,'Sperrliste Filter Zahlungsprozessor.'),(24,42,'title',4,'Filtre Liste noire pour systèmes de traitement des paiements.'),(24,43,'description',1,'Causes users and their associated details (e.g., credit card number, phone number, etc.) to be blacklisted when their status becomes suspended or higher. '),(24,43,'description',3,'Setzt Benutzer und die dazugehÖrigen Informationen (zB Kreditkartennummer, Telefonnummer, etc.) auf die schwarze Liste, wenn ihr Status ausgesetzt oder hÖher ist.'),(24,43,'description',4,'Entraîne l\'inscription sur la liste noire des clients et de leurs informations associées (ex : numéro de carte bancaire, numéro de téléphone, etc.) si leur statut devient Suspendu ou supérieu. '),(24,43,'title',1,'Blacklist user when their status becomes suspended or higher.'),(24,43,'title',3,' Benutzer sperren, wenn deren Status wird ausgesetzt oder höher wird.'),(24,43,'title',4,'Place l\'utilisateur sur une liste noire lorsque son statut devient suspendu ou supérieur.'),(24,44,'description',3,'Dies ist ein Reader für das Vermittlungsverfahren. Er liest Datensètze aus einer JDBC-Datenbankquelle.'),(24,44,'description',4,'Il s\'agit d\'une visionneuse pour le processus de médiation. Il lit les enregistrements à partir d\'une source de bases de données JDBC.'),(24,44,'title',3,'JDBC Vermittlungs Reader.'),(24,44,'title',4,'Visionneuse de médiation JDBC'),(24,45,'description',3,'Dies ist ein Reader für das Vermittlungssverfahren. Es ist eine Erweiterung des JDBC-Reader, der eine einfache Konfiguration einer MySQL-Datenbankquelle erlaubt.'),(24,45,'description',4,'Il s\'agit d\'une visionneuse pour le processus de médiation. C\'est une extension du lecteur JDBC, permettant une configuration aisée d\'une source de base de données MySQL.'),(24,45,'title',4,'Visionneuse de médiation MySQL.'),(24,46,'description',3,'Reagiert auf Events die mit Bestellungen verbunden sind. Lässt Regeln laufen, um Befehle zu erzeugen, die über JMS-Nachrichten an das externe Bereitstellungsmodul geschickt werden.'),(24,46,'description',4,'Il réagit aux évènements associées aux commandes. Il exécute des règles pour générer des commandes à envoyer via des messages JMS vers un module d\'approvisionnement externe.'),(24,46,'title',3,' Bereitstellungsbefehle Regelaufgabe'),(24,46,'title',4,'Tâche des règles des commandes d\'approvisionnement.'),(24,47,'description',3,'Dieses Plug-in wird nur zu Testzwecken verwendet. Es ist eine Test externe Bereitstellungsaufgabe zum Testen der Bereitstellungsmodule.'),(24,47,'description',4,'Ce plugin est uniquement utilisé à des fins de test. Il s\'agit d\'une tâche de test d\'approvisionnement externe afin de tester les modules d\'approvisionnement.'),(24,47,'title',3,'Externe Bereitstellungsaufgabe testen.'),(24,47,'title',4,'Tâche de test d\'approvisionnement externe.'),(24,48,'description',3,'Ein externer Bereitstellungs Plug-in für die Kommunikation mit dem Ericsson Kundenverwaltungs Interface (CAI).'),(24,48,'description',4,'Un plugin d\'approvisionnement externe pour communiquer avec l\'interface d\'administration des clients d\'Erisson (CAI).'),(24,48,'title',3,'CAI externe Bereitstellungsaufgabe'),(24,48,'title',4,'Tâche d\'approvisionnement externe pour CAI.'),(24,49,'description',1,'Delegates the actual payment processing to another plug-in based on the currency of the payment.'),(24,49,'description',3,'Delegiert die eigentliche Zahlungsabwicklung zu einem anderen Plug-in auf der Basis der Währung der Zahlung.'),(24,49,'description',4,'Il délègue le traitement réel des paiements à un autre plugin selon la devise du paiement.'),(24,49,'title',1,'Currency Router payment processor'),(24,49,'title',3,'Währungs Router Zahlungsanbieter'),(24,49,'title',4,'Système de traitement des paiements avec routeur pour les devises'),(24,50,'description',3,'Ein externer Bereitstellungs plug-in für die Kommunikation mit dem TeliaSonera MMSC.'),(24,50,'description',4,'Un plugin d\'approvisionnement externe pour communiquer avec le MMSC de TeliaSonera.'),(24,50,'title',3,'MMSC externe Bereitstellungsaufgabe'),(24,50,'title',4,'Tâche d\'approvisionnement externe pour MMSC.'),(24,51,'description',1,'This filter will only invoices with a positive balance to be carried over to the next invoice.'),(24,51,'description',3,'Dieser Filter wird nur Rechnungen mit einem positiven Saldo auf die nächste Rechnung übertragen.'),(24,51,'description',4,'Ce plug-in filtrera uniquement les factures avec un solde positif devant être reportées sur la facture suivante.'),(24,51,'title',1,'Filters out negative invoices for carry over.'),(24,51,'title',3,'Filtert negative Rechnungen für Übertragungen.'),(24,51,'title',4,'Filtre les factures négative pour les reports.'),(24,52,'description',1,'It will generate a file with one line per invoice generated.'),(24,52,'description',3,'Es wird eine Datei mit einer Zeile pro Rechnung generieren.'),(24,52,'description',4,'Il génèrera un fichier avec une ligne par facture générée.'),(24,52,'title',1,'File invoice exporter.'),(24,52,'title',3,'Datei-Rechnungs Exporteur.'),(24,52,'title',4,'Exportateur de fichier de factures.'),(24,53,'description',1,'It will call a package of rules when an internal event happens.'),(24,53,'description',3,'Es wird ein Bündel von Vorschriften nennen, wenn ein internes Ereignis eintritt.'),(24,53,'description',4,'Il appellera un ensemble de règles lorsqu\'un évènement interne se produira.'),(24,53,'title',1,'Rules caller on an event.'),(24,53,'title',3,'Regel Caller für ein Ereignis.'),(24,53,'title',4,'Contrôleur de règles pour un évènement.'),(24,54,'description',1,'It will update the dynamic balance of a customer (pre-paid or credit limit) when events affecting the balance happen.'),(24,54,'description',3,'Es wird das dynamische Gleichgewicht eines Kunden (Prepaid-oder Kreditlimit) aktualisieren, wenn Ereignisse mit Auswirkungen auf das Gleichgewicht auftreten.'),(24,54,'description',4,'Il mettra à jour le solde dynamique d\'un client (prépayé ou limite de crédit) si des évènements affectant le solde se produisent.'),(24,54,'title',1,'Dynamic balance manager'),(24,54,'title',3,'Dynamischer Balance Manager'),(24,54,'title',4,'Gestionnaire de solde dynamique'),(24,55,'description',3,'Für die Echtzeit-Vermittlung benutzt, dieser Plug-in wird einen Anruf auf der Grundlage des aktuellen dynamischen Gleichgewichts eines Kunden validieren.'),(24,55,'description',4,'Utilisé pour la médiation en temps réel, ce plugin validera un appel selon le solde dynamique actuel d\'un client.'),(24,55,'title',1,'Balance validator based on the customer balance.'),(24,55,'title',3,'Balanceprüfer auf der Grundlage der Kundenbilanz.'),(24,55,'title',4,'Validateur de solde basé sur le solde du client.'),(24,56,'description',3,'Für die Echtzeit-Vermittlung benutzt, dieses Plug-in wird einen Anruf auf der Grundlage eines Bündels oder Regeln validieren'),(24,56,'description',4,'Utilisé pour la médiation en temps réel, ce plugin validera un appel selon un lot ou des règles.'),(24,56,'title',1,'Balance validator based on rules.'),(24,56,'title',3,'Balanceprüfer basierend auf Regeln'),(24,56,'title',4,'Validateur de solde basé sur des règles.'),(24,57,'description',1,'Integration with the Payments Gateway payment processor.'),(24,57,'description',3,'Integration mit dem Gateway-Zahlungs Zahlungsanbieter.'),(24,57,'description',4,'Intégration avec le système de traitement des paiements Payments Gateway.'),(24,57,'title',1,'Payment processor for Payments Gateway.'),(24,57,'title',3,'Zahlungsanbiert für Zahlung Gateway.'),(24,57,'title',4,'Système de traitement de paiements Payments Gateway.'),(24,58,'description',1,'Saves the credit card information in the payment gateway, rather than the jBilling DB.'),(24,58,'description',3,'Speichert die Kreditkarteninformationen in dem Zahlungs-Gateway, anstatt der Jbilling DB.'),(24,58,'description',4,'Il enregistre les informations relatives à la carte bancaire sur la passerelle de paiement, au lieu de la base de données jBilling.'),(24,58,'title',1,'Credit cards are stored externally.'),(24,58,'title',3,'Kreditkarten werden extern gespeichert.'),(24,58,'title',4,'Les cartes bancaires sont stockées en externe.'),(24,59,'description',3,'Dies ist ein regelbasierter Plug-in kompatibel mit dem Vermittlungsmodul von Jbilling 2.2.x. Er wird das tun, was die Grundelementmanager tut (eigentlich genannt); aber dann wird er auch externen Regeln ausführen. Diese externen Regeln haben die volle Kontrolle über die Veränderung der Bestellung welche neue Artikel bekommt.'),(24,59,'description',4,'Il s\'agit d\'un plugin basé sur des règles avec le module de médiation de jBilling 2.2.x., Il fera ce que le gestionnaire d\'articles basique fait (l\'appeler en réalité), mais ensuite il exécutera également des règles externes. Ces règles externes ont un contrôle total sur le changement de la commande qui reçoit de nouveaux articles.'),(24,59,'title',1,'Rules Item Manager 2'),(24,59,'title',3,'Artikelregel Manager 2'),(24,59,'title',4,'Gestionnaire de l\'article Règles 2'),(24,60,'description',3,'Dies ist ein regelbasierter Plug-in, kompatibel mit dem Vermittlungsverfahren von Jbilling 2.2.x und besser. Er berechnet die Gesamtleitung für einen Auftrag (in der Regel ist dies der Preis, multipliziert mit der Menge); so dass externen Regeln durchgeführt werden können.'),(24,60,'description',4,'Il s\'agit d\'un plugin basé sur des règles, compatible avec les versions du processus de médiation de jBilling 2.2.x et supérieures. Il calcule le total pour une ligne de commande (généralement il s\'agit du prix multiplié par la quantité), permettant ainsi l\'exécution des règles externes.'),(24,60,'title',1,'Rules Line Total - 2'),(24,60,'title',3,'Regeln Gesamtzeilen- 2'),(24,60,'title',4,'Règles du total de la ligne - 2'),(24,61,'description',3,'Dies ist ein regelbasierter Plug-in kompatibel mit dem Vermittlungsmodul von Jbilling 2.2.x. Er gibt einen Preis zu einem Artikel an, durch Ausführen externer Vorschriften. Anschließend können Sie Logik extern für die Preise hinzufügen. Er ist auch mit dem Vermittlungsverfahren durch den Zugang zu der Vermittlungs Preisdaten integriert.'),(24,61,'description',4,'Il s\'agit d\'un plugin basé sur des règles avec le module de médiation de jBilling 2.2.x., Il donne un prix à un article en appliquant des règles externes. Vous pouvez ajouter une logique externe pour la tarification. Il est également intégré avec le processus de médiation en ayant accès aux données de tarification de la médiation.'),(24,61,'title',1,'Rules Pricing 2'),(24,61,'title',3,'Regel Preisliste 2'),(24,61,'title',4,'Règles de tarification 2'),(24,63,'description',1,'A fake plug-in to test payments that would be stored externally.'),(24,63,'description',3,'Eine falscher Plug-in, um Zahlungen, die extern gespeichert werden würden zu testen.'),(24,63,'description',4,'Un faux plugin pour tester les paiements qui seraient stockées en externe.'),(24,63,'title',1,'Test payment processor for external storage.'),(24,63,'title',3,'Test Zahlungprozessor für externe Speicher.'),(24,63,'title',4,'Système de traitement des paiements test pour stockage externe.'),(24,64,'description',1,'Payment processor plug-in to integrate with RBS WorldPay'),(24,64,'description',3,'Zahlungsprozessor-Plug-in, mit RBS WorldPay integriert'),(24,64,'description',4,'Plugin de système de traitement des paiements à intégrer avec RBS WorldPay.'),(24,64,'title',1,'WorldPay integration'),(24,64,'title',3,'WorldPay Integration'),(24,64,'title',4,'Intégration de WorldPay.'),(24,65,'description',1,'Payment processor plug-in to integrate with RBS WorldPay. It stores the credit card information (number, etc) in the gateway.'),(24,65,'description',3,' Zahlungsprozessor-Plug-in, mit RBS WorldPay integriert. Er speichert die Kreditkarteninformationen (Nummer, usw.) in dem Gateway.'),(24,65,'description',4,'Plugin de système de traitement des paiements à intégrer avec RBS WorldPay. Il stocke les informations relatives à la carte bancaire (numéro, etc) sur la passerelle.'),(24,65,'title',1,'WorldPay integration with external storage'),(24,65,'title',3,'WorldPay Integration mit externem Speicher'),(24,65,'title',4,'Intégration de WorldPay avec stockage externe.'),(24,66,'description',1,'Monitors the balance of a customer and upon reaching a limit, it requests a real-time payment'),(24,66,'description',3,'Überwacht das Gleichgewicht von einem Kunden und beim Erreichen eines Limits, fordert eine Echtzeit-Zahlung an'),(24,66,'description',4,'Il contrôle le solde d\'un client et au moment d\'atteindre une limite, il demande un paiement en temps réel'),(24,66,'title',1,'Auto recharge'),(24,66,'title',3,'Auto Aufladen'),(24,66,'title',4,'Recharge automatique.'),(24,67,'description',1,'Payment processor for integration with the Beanstream payment gateway'),(24,67,'description',3,'Zahlungsanbiter für Integration mit dem Beanstream Zahlungs gateway'),(24,67,'description',4,'Système de traitement des paiements pour une intégration avec la passerelle de paiement Beanstream.'),(24,67,'title',1,'Beanstream gateway integration'),(24,67,'title',3,'Beanstream Gateway Integration'),(24,67,'title',4,'Intégration d\'une passerelle Beanstream'),(24,68,'description',1,'Payment processor for integration with the Sage payment gateway'),(24,68,'description',3,'Zahlunganbieter für Integration mit dem Sage Zahlungs Gateway'),(24,68,'description',4,'Système de traitement des paiements pour une intégration avec la passerelle de paiement Sage.'),(24,68,'title',1,'Sage payments gateway integration'),(24,68,'title',3,'Sage Zahlungs gateway Integration'),(24,68,'title',4,'Intégration d\'une passerelle de paiement Sage'),(24,69,'description',1,'Called when the billing process runs to select which users to evaluate. This basic implementation simply returns every user not in suspended (or worse) status'),(24,69,'description',3,'Wird aufgerufen, wenn die Abrechnung läuft um auszuwählen welche Benutzer bewertet werden. Diese grundlegende Implementierung zeigt einfach jedem Benutzer an der nicht im gesperrten (oder schlimmer) Status ist'),(24,69,'description',4,'Appelé lorsque le processus de facturation s\'exécute pour sélectionner quels utilisateurs évaluer. Cet exercice de base renvoie simplement le fait que tous les utilisateurs n\'ont pas un statut Suspendu (ou pire)'),(24,69,'title',1,'Standard billing process users filter'),(24,69,'title',3,'Standard Abrechnungs Benutzer Filter '),(24,69,'title',4,'Filtre utilisateurs pour le processus de facturation standard'),(24,70,'description',1,'Called when the billing process runs to select which users to evaluate. This only returns users with orders that have a next invoice date earlier than the billing process.'),(24,70,'description',3,'Wird aufgerufen, wenn die Abrechnung läuft, um auswählen, welche Benutzer zu bewerten. Dies zeigt nur Benutzer mit Bestellungen an, die ein nächstes Abrechnungsdatum früher als den Abrechnungsprozess haben.'),(24,70,'description',4,'Appelé lorsque le processus de facturation s\'exécute pour sélectionner quels utilisateurs évaluer. Il ne renvoie que les utilisateurs avec des commandes dont la date de la prochaine facture est antérieure au processus de facturation.'),(24,70,'title',1,'Selective billing process users filter'),(24,70,'title',3,'Auswahl Abrechnungs Benutzerfilter'),(24,70,'title',4,'Filtre utilisateurs pour le processus de facturation sélectif'),(24,71,'description',1,'Event records with errors are saved to a file'),(24,71,'description',3,'Ereignisdatensätze mit Fehlern werden in einer Datei gespeichert'),(24,71,'description',4,'Les enregistrements avec des erreurs sont enregistrés dans un fichier'),(24,71,'title',3,'Vermittlungs Datei Fehler Steuerungsprogramm'),(24,71,'title',4,'Gestionnaire des erreurs du fichier de médiation'),(24,73,'description',1,'Event records with errors are saved to a database table'),(24,73,'description',3,' Ereignis-Datensätzen mit Fehler werden in einer Datenbanktabelle gespeichert'),(24,73,'description',4,'Les enregistrements avec des erreurs sont enregistrés dans la table d\'une base de données'),(24,73,'title',3,'Vermittlungsdatensatz basiertes Fehler Steuerungsprogramm'),(24,73,'title',4,'Gestionnaire des erreurs de la base de données de médiation'),(24,75,'description',1,'Submits payments to paypal as a payment gateway and stores credit card information in PayPal as well'),(24,75,'description',3,'Sendet Zahlungen an PayPal als Zahlungsgateway und speichert auch Kreditkarteninformationen in PayPal'),(24,75,'description',4,'Il envoie des paiements à PayPal en tant que passerelle de paiement et il stocke également les informations relatives à la carte bancaire dans PayPal'),(24,75,'title',1,'Paypal integration with external storage'),(24,75,'title',3,'Paypal Integration mit externem Speicher'),(24,75,'title',4,'Intégration de PayPal avec stockage externe.'),(24,76,'description',1,'Submits payments to authorize.net as a payment gateway and stores credit card information in authorize.net as well'),(24,76,'description',3,'Sendet Zahlungen an authorize.net als Zahlungs-Gateway und speichert auch Kreditkarteninformationen in authorize.net'),(24,76,'description',4,'Il envoie des paiements à authorize.net en tant que passerelle de paiement et il stocke également les informations relatives à la carte bancaire dans authorize.net'),(24,76,'title',1,'Authorize.net integration with external storage'),(24,76,'title',3,'Authorize.net Integration mit externem Speicher'),(24,76,'title',4,'Intégration de authorize.net avec stockage externe.'),(24,77,'description',1,'Delegates the actual payment processing to another plug-in based on the payment method of the payment.'),(24,77,'description',3,'Delegiert die eigentliche Zahlungsabwicklung zu einem anderen Plug-in auf der Grundlage der Zahlungsmethode der Zahlung.'),(24,77,'description',4,'Il délègue le traitement réel des paiements à un autre plugin selon la méthode de paiement.'),(24,77,'title',1,'Payment method router payment processor'),(24,77,'title',3,'Zahlungsmethode Router Zahlungsprozessor'),(24,77,'title',4,'Système de traitement des paiements avec routage selon la méthode de paiement'),(24,78,'description',1,'Generates rules dynamically based on a Velocity template.'),(24,78,'description',3,'Erzeugt Regeln dynamisch, basiert auf auf eine Velocity Vorlage.'),(24,78,'description',4,'Il génère des règles de manière dynamique selon un modèle Velocity'),(24,78,'title',1,'Dynamic rules generator'),(24,78,'title',3,'Dynamischer Regelgenerator'),(24,78,'title',4,'Générateur de règles dynamiques'),(24,79,'description',1,'This is a plugin that handles the pricing calculation depending on the implemenations of the different Pricing Models.'),(24,79,'description',3,'Dies ist ein Plugin, das sich mit Preisberechnungbefasst, auf die it von den implemenations der verschiedenen Preismodelle basiert.'),(24,79,'description',4,'Il s\'agit d\'un plugin qui gère le calcul des tarifs selon l\'exécution de différents modèles de prix.'),(24,79,'title',1,'Price Model Pricing Task'),(24,79,'title',3,'Preismodell Preisaufgabe'),(24,79,'title',4,'Tâche de tarification selon des modèles de prix.'),(24,80,'description',1,'A scheduled task to execute the Billing Process.'),(24,80,'description',3,'Eine geplante Aufgabe, um den Abrechnungsablauf durchzuführen.'),(24,80,'description',4,'Une tâche programmée pour exécuter le processus de facturation.'),(24,80,'title',1,'Billing Process Task'),(24,80,'title',3,'Abrechnungsaufgabe'),(24,80,'title',4,'Tâche Processus de facturation'),(24,81,'description',3,'Eine geplante Aufgabe, um den Vermittlungsablauf auszuführen.'),(24,81,'description',4,'Une tâche programmée pour exécuter le processus de médiation.'),(24,81,'title',3,'Vermittlungsprozessaufgabe'),(24,81,'title',4,'Tâche Processus de médiation'),(24,87,'description',1,'Ages a user based on the number of days that the account is overdue.'),(24,87,'description',3,' Datiert einen Benutzer auf der Grundlage der Anzahl der Tage, die das Konto überfällig ist.'),(24,87,'description',4,'Détermine la phase d\'un utilisateur selon le nombre de jours pendant lequel le compte est débiteur.'),(24,87,'title',1,'Basic ageing'),(24,87,'title',3,'Einfache Datierung'),(24,87,'title',4,'Avancement basique des phases'),(24,88,'description',1,'A scheduled task to execute the Ageing Process.'),(24,88,'description',3,'Eine geplante Aufgabe, um den Datierungsprozess auszuführen.'),(24,88,'description',4,'Une tâche programmée pour exécuter le processus d\'avancement des phases.'),(24,88,'title',1,'Ageing process task'),(24,88,'title',3,'Datierungprozessaufgabe'),(24,88,'title',4,'Tâche Processus d\'avancement des phases'),(24,89,'description',1,'Ages a user based on the number of business days (excluding holidays) that the account is overdue.'),(24,89,'description',3,'Datiert einen Benutzer auf der Grundlage der Anzahl von Werktagen (außer an Feiertagen), die das Konto überfällig ist.'),(24,89,'description',4,'Détermine la phase d\'un utilisateur selon le nombre de jours ouvrés (hors week-end et jours fériés) pendant lequel le compte est débiteur.'),(24,89,'title',1,'Business day ageing'),(24,89,'title',3,'Werktag Datierung'),(24,89,'title',4,'Avancement des phases en jours ouvrés'),(24,90,'description',1,'A pluggable task of the type AbstractChargeTask to apply tax item to an Invoice with a facility of exempting an exempt item or an exemp customer.'),(24,90,'description',3,'Eine steckbare Aufgabe der Art von AbstractChargeTask um einen Steuer Artikel auf die Rechnung hinzuzüfugen, mit einer Einrichtung der Freistellung um einen Artikel freizugeben oder einen Kunden freizustellen.'),(24,90,'description',4,'Une tâche pour utiliser le plugin du type AbstractChargeTask pour appliquer un article fiscal à une facture avec une fonction permettant d\'exempter un article ou un client.'),(24,90,'title',1,'Simple Tax Composition Task'),(24,90,'title',3,'Einfache Steuer Zusammensetzungsaufgabe'),(24,90,'title',4,'Tâche Composition fiscale simple'),(24,91,'description',1,'A pluggable task of the type AbstractChargeTask to apply tax item to the Invoice if the Partner\'s country code is matching.'),(24,91,'description',3,'Eine steckbare Aufgabe der Art von AbstractChargeTask um einen Steuer Artikel auf die Rechnung hinzuzufügen, wenn der Ländercode des Partners übereinstimmt.'),(24,91,'description',4,'Une tâche pour utiliser un plugin AbstractChargeTask pour appliquer un article fiscal à la facture si le code pays du partenaire correspond.'),(24,91,'title',1,'Country Tax Invoice Composition Task'),(24,91,'title',3,'Landsteuerrechnung Zusammensetzungsaufgabe '),(24,91,'title',4,'Tâche Composition d\'une facture de taxe nationale'),(24,92,'description',1,'A pluggable task of the type AbstractChargeTask to apply a Penalty to an Invoice having a due date beyond a configurable days period.'),(24,92,'description',3,'Eine steckbare Aufgabe der Art von AbstractChargeTask um eine Strafe auf eine Rechnung hinzuzufügen, die ein Fälligkeitsdatum über einen konfigurierbaren Zeitraum hinweg hat.'),(24,92,'description',4,'Une tâche pour utiliser un plugin du type AbstractChargeTask pour appliquer une pénalité à une facture dont la date d\'échéance est au-delà de la période configurable en termes de nombre de jours.'),(24,92,'title',1,'Payment Terms Penalty Task'),(24,92,'title',3,'Zahlungsbedingungen Strafaufgabe'),(24,92,'title',4,'Tâche Pénalité relative aux Conditions de Paiement'),(24,96,'description',3,'Dies ist ein Abonnement Ereignis basiertes Plugin. Es nimmt Datensätze aus dem Vermittlungsverfahren auf und übersetzt sie in aussagekräftige Rechnungsdaten. Es konzentriert sich auf wiederkehrende Bestellungen. Wenn kein Bestellung verfügbar ist, erstellt es eine neue.'),(24,96,'description',4,'Plugin basé sur les évènements liés aux abonnements. Il effectue des enregistrements à partir du processus de médiation et il les traduit en données de facturation pertinentes. Il se centre sur des commandes récurrentes. Si aucune facture n\'est disponible, il en créer une nouvelle.'),(24,96,'title',3,'Abonnement Ereignisprozessor'),(24,96,'title',4,'Système de traitement des évènements liés aux abonnements'),(24,97,'description',1,'This task is responsible for applying a %-age or a fixed amount penalty on an Overdue Invoice. This task is powerful because it performs this action just before the Billing process collects orders.'),(24,97,'description',3,'Diese Aufgabe ist zum Anlegen eines % -Satzes oder einem festen Strafbetrag auf eine überfällige Rechnung verantwortlich. Diese Aufgabe ist aussagekräftig, weil es diese Aktion kurz vor dem Abrechnungsprozess der gesammelten Bestellungen ausführt.'),(24,97,'description',4,'Cette tâche est chargée d\'appliquer une pénalité correspondant à un pourcentage ou à un montant fixe sur une facture impayée. Cette tâche est très efficace car elle effectue cette action juste avant que le processus de facturation ne collecte les commandes.'),(24,97,'title',1,'Penalty Task on Overude Invoice'),(24,97,'title',3,'Strafaufgabe für überfällige Rechnung'),(24,97,'title',4,'Tâche Pénalité sur les impayés'),(24,101,'description',1,'The event based custom notification task takes the custom notification message and does the notification when the internal event occurred'),(24,101,'description',3,'Die Event basierte benutzerdefinierten Mitteilungsaufgabe nimmt die benutzerdefinierte Benachrichtigung und führt die Benachrichtigung durch, wenn ein internes Ereignis eingetreten ist'),(24,101,'description',4,'La tâche Notification personnalisée basée sur les évènements prend le message de notification personnalisé et réalise la notification lorsque l\'évènement interne survient'),(24,101,'title',1,'Event based custom notification task'),(24,101,'title',3,'Event basierte Kundenmitteilungsaufgabe'),(24,101,'title',4,'Tâche Notification personnalisée basée sur les évènements'),(24,103,'title',3,'Einfacher Vermittlungsprozessor'),(24,103,'title',4,'Système de traitement de médiation simple'),(24,105,'description',1,'This plugin adds tax lines to invoice by consulting the Suretax Engine.'),(24,105,'description',3,'Dieser plugin fügt Steuerzeilen auf die Rechnung hinzu durch die Befragung der Suretax Engine.'),(24,105,'description',4,'Ce plugin ajoute des lignes Taxe aux factures en consultant le moteur Suretax.'),(24,105,'title',1,'Suretax Plugin'),(24,105,'title',3,'Suretax Plugin'),(24,105,'title',4,'Plugin Suretax'),(24,107,'description',1,'This plug-in will set the balance and total of a negative invoice to 0 and create a \'credit\' payment for the remaining amount.'),(24,107,'description',3,''),(24,107,'description',4,'Ce plugin définira la valeur du solde et du total d\'une facture négative à 0, et il créera un paiement \'créditeur\' pour le montant restant.'),(24,107,'title',1,'Credit on negative invoice'),(24,107,'title',3,'Kredit auf negativer Rechnung'),(24,107,'title',4,'Crédit sur facture négative'),(24,108,'description',1,'A pluggable task of the type InternalEventsTask to monitor if users pre-paid balance is below a threshold level and send notifications.'),(24,108,'description',4,'Une tâche pour utiliser un plugin du type InternalEventsTask afin de vérifier si le solde prépayé des utilisateurs est inférieur à un niveau seuil et d\'envoyer des notifications.'),(24,108,'title',1,'User Balance threshold notification task'),(24,108,'title',4,'Tâche Notification du seuil du solde de l\'utilisateur'),(24,109,'description',1,'This plug-in provides mapping between the user status(ageing steps) and notifications that needs to be sent for each status'),(24,109,'description',4,'Ce plugin fournit une cartographie entre le statut de l\'utilisateur (étapes d\'avancement des phases) et les notifications devant être envoyées pour chaque statut'),(24,109,'title',1,'Custom user notifications per ageing steps'),(24,109,'title',4,'Notifications personnalisées à l\'utilisateur par étapes d\'avancement des phases'),(24,110,'description',1,'This task will delete files older than a certain time.'),(24,110,'description',4,'Cette tâche supprimera les fichiers ultérieur à une certaine période.'),(24,110,'title',1,'Delete old files'),(24,110,'title',4,'Supprimer les anciens fichiers'),(24,111,'description',1,'This plug-in will update AssetTransitions when an asset status changes.'),(24,111,'description',4,'Ce plugin mettra à jour AssetTransitions en cas de changement de statut d\'un actif.'),(24,111,'title',1,'Updates Asset Transitions'),(24,111,'title',4,'Met à jour les transactions des actifs'),(24,112,'description',1,'This plug-in will remove Asset owners when the linked order expires.'),(24,112,'description',4,'Ce plugin supprimera les propriétaires de l\'actif au moment de l\'expiration de la commande associée.'),(24,112,'title',1,'Remove Assets From FINISHED Orders'),(24,112,'title',4,'Supprimer les actifs des commandes TERMINÉES'),(24,113,'description',1,'A pluggable task of type InternalEventsTask to monitor when activeUntil changes of an order'),(24,113,'description',4,'Une tâche pour utiliser un plugin de type InternalEventsTask pour contrôler des changements relatifs à activeUntil sur une commande'),(24,113,'title',1,'Order Cancellation Task'),(24,113,'title',4,'Tâche d\'annulation de la commande'),(24,117,'description',1,'This task schedules the process that calculates the Agents\' Commissions.'),(24,117,'description',4,'Ce plugin créera le regroupement d\'utilisation pour le client si le client s\'abonne à un plan qui est rattaché à des regroupements d\'utilisation.'),(24,117,'title',1,'Calculate Agents\' Commissions'),(24,117,'title',4,'Créer un regroupement d\'utilisation pour le client'),(24,118,'description',1,'This task calculates the Agents\' Commissions.'),(24,118,'description',4,'Ce plugin évaluera et mettra à jour les regroupements d\'utilisation du client afin de définir les dates de fin du cycle conformément à la période de regroupement d\'utilisation, et il réinitialisera les quantités conformément au paramètre de définition des regroupements d\'utilisation.'),(24,118,'title',1,'Basic Agents\' Commissions task'),(24,118,'title',4,'Tâche d\'évaluation et de mise à jour du regroupement d\'utilisation du client'),(24,119,'description',1,'This plug-in will create payment commissions when payments are linked an unlinked from invoices.'),(24,119,'description',4,'Ce plugin mettra à jour le regroupement d\'utilisation du client si un des évènements suivants se produit : NewOrderEvent, NewQuantityEvent, OrderDeletedEvent.'),(24,119,'title',1,'Generate payment commissions for agents.'),(24,119,'title',4,'Tâche de mise à jour du regroupement d\'utilisation du client'),(24,120,'description',4,'Ce plugin mettra à jour les regroupements d\'utilisation du client comme expirés si le client se désabonne d\'un plan.'),(24,120,'title',4,'Il traite un évènement de désabonnement d\'un plan pour un client. Il met à jour les regroupements d\'utilisation du client comme expirés.'),(24,121,'description',4,'Si un évènement de consommation de regroupement d\'utilisation a lieu, ce plugin lancera une action définie sur le FUP pour la consommation du pourcentage donnée'),(24,121,'title',4,'Tâche de consommation du regroupement d\'utilisation du client'),(24,122,'description',4,'Ajoute des commandes d\'approvisionnement pour la ligne de commande.'),(24,122,'title',4,'Ajoute des commandes d\'approvisionnement pour la ligne de commande.'),(24,123,'description',1,'Triggers File Download/Upload against third party system'),(24,123,'description',4,'Ajoute des commandes d\'approvisionnement lorsque les actifs sont créés, mis à jour et ajouté à la ligne du client'),(24,123,'title',1,'Trigger File Download/Upload'),(24,123,'title',4,'Ajoute des commandes d\'approvisionnement pour les actifs.'),(24,124,'description',1,'A pluggable task of the type InternalEventsTask to monitor if users pre-paid balance is below a credit limitation 1 or 2 levels and send notifications.'),(24,124,'description',4,'Ajouter une commande d\'approvisionnement lorsque le paiement est effectué.'),(24,124,'title',1,'User Credit Limitation notification task'),(24,124,'title',4,'Ajoute une commande d\'approvisionnement lorsque le paiement est effectué'),(24,125,'description',1,'This plug-in will change the status of order during order change apply to selected in order change.'),(24,125,'description',4,'Traite le changement de statut de la commande'),(24,125,'title',1,'Change order status on order change apply'),(24,125,'title',4,'Traite le changement de statut de la commande'),(24,126,'description',1,'This is a scheduled plugin that takes in user that has not been logged-in for number of days specified in preference 55 and update there status to Inactive.'),(24,126,'description',4,'Crée des commandes à chaque qu\'une ligne de commande est remplie via un changement de commande.'),(24,126,'title',1,'Inactive user account management plugin'),(24,126,'title',4,'Crée des commandes d\'approvisionnement pour le changement de commande.'),(24,127,'description',4,'Cette tâche planifie le processus qui calcule les commissions des agents.'),(24,127,'title',4,'Calculer les commissions des agents'),(24,128,'description',4,'Cette tâche calcule les commissions des agents.'),(24,128,'title',4,'Tâche Commissions des agents basiques'),(24,129,'description',4,'Ce plugin créera des commissions sur des paiements lorsque des paiements sont associés et désassociés des factures.'),(24,129,'title',4,'Générer des commissions sur les paiements pour les agents.'),(24,133,'description',4,'Il déclenche le téléchargement par rapport à un système tiers'),(24,133,'title',4,'Déclencher le téléchargement des fichiers'),(24,134,'description',4,'Une tâche pour utiliser un plugin du type InternalEventsTask afin de vérifier si le solde prépayé des utilisateurs est inférieur aux niveaux 1 ou 2 de la limitation de crédit et d\'envoyer des notifications.'),(24,134,'title',3,'Benutzer Kreditlimit Mitteilungsaufgabe'),(24,134,'title',4,'Tâche Notification de la limitation de crédit de l\'utilisateur'),(24,135,'description',4,'Ce gestionnaire des erreurs de médiation enregistre automatiquement les CDR qui se sont soldés par un échec vers le tableau \'cdr_recycling\' de HBase.'),(24,135,'title',4,'Gestionnaire des erreurs de médiation HBase'),(24,136,'description',4,'Ce plugin changera la statut de la commande au moment où le changement de la commande s\'appliquer au changement de commande sélectionné.'),(24,136,'title',4,'Changer le statut de la commande au moment où le changement s\'applique'),(24,137,'description',4,'Si un évènement de facturation de consommation de regroupement d\'utilisation a lieu, ce plugin facturera des frais au client'),(24,137,'title',4,'Tâche Facturation de la consommation du regroupement d\'utilisation'),(24,138,'description',4,'Il s\'agit d\'un plugin programmé qui prend l\'utilisateur qui ne s\'est pas connecté pendant un nombre de jours indiqué dans Préférence 55 et qui met à jour son statut en Inactif.'),(24,138,'title',4,'Plugin de gestion des comptes utilisateur inactifs'),(35,1,'description',1,'Cheque'),(35,1,'description',2,'Cheque'),(35,1,'description',3,'Scheck'),(35,1,'description',4,'Chèque'),(35,2,'description',1,'Visa'),(35,2,'description',2,'Visa'),(35,2,'description',3,'Visa'),(35,2,'description',4,'Visa'),(35,3,'description',1,'MasterCard'),(35,3,'description',2,'MasterCard'),(35,3,'description',3,'MasterCard'),(35,3,'description',4,'MasterCard'),(35,4,'description',1,'AMEX'),(35,4,'description',2,'AMEX'),(35,4,'description',3,'AMEX'),(35,4,'description',4,'AMEX'),(35,5,'description',1,'ACH'),(35,5,'description',2,'CCA'),(35,5,'description',3,'ACH'),(35,5,'description',4,'ACH'),(35,6,'description',1,'Discover'),(35,6,'description',2,'Discover'),(35,6,'description',3,'Entdeckung'),(35,6,'description',4,'Discover'),(35,7,'description',1,'Diners'),(35,7,'description',2,'Diners'),(35,7,'description',3,'Diners'),(35,7,'description',4,'Diners'),(35,8,'description',1,'PayPal'),(35,8,'description',2,'PayPal'),(35,8,'description',3,'PayPal'),(35,8,'description',4,'PayPal'),(35,15,'description',1,'Credit'),(35,15,'description',3,'Kredit'),(35,15,'description',4,'Crédit'),(41,1,'description',1,'Successful'),(41,1,'description',2,'Com sucesso'),(41,1,'description',3,'Erfoglreich'),(41,1,'description',4,'Réussite'),(41,2,'description',1,'Failed'),(41,2,'description',2,'Sem sucesso'),(41,2,'description',3,'Fehlgeschlagen'),(41,2,'description',4,'Échec'),(41,3,'description',1,'Processor unavailable'),(41,3,'description',2,'Processador indisponível'),(41,3,'description',3,'Prozessor nicht verfƒgbar'),(41,3,'description',4,'Système de traitement indisponible'),(41,4,'description',1,'Entered'),(41,4,'description',2,'Inserido'),(41,4,'description',3,'Eingetreten'),(41,4,'description',4,'Saisie'),(46,1,'description',1,'Billing Process'),(46,1,'description',2,'Processo de facturação'),(46,1,'description',3,'Abrechnungsprozess'),(46,1,'description',4,'Processus de facturation'),(46,2,'description',1,'User maintenance'),(46,2,'description',2,'Manutenção de Utilizador'),(46,2,'description',3,'Benutzerwartung'),(46,2,'description',4,'Entretien des préférences de l\'utilisateur'),(46,3,'description',1,'Item maintenance'),(46,3,'description',2,'Item de Manutenção'),(46,3,'description',3,'Artikelwartung'),(46,3,'description',4,'Entretien des articles'),(46,4,'description',1,'Item type maintenance'),(46,4,'description',2,'Item tipo de Manutenção'),(46,4,'description',3,'Artikeltyp Wartung'),(46,4,'description',4,'Entretien du type d\'articles'),(46,5,'description',1,'Item user price maintenance'),(46,5,'description',2,'Item Manutenção de preço de utilizador'),(46,5,'description',3,'Artikel Kundenpreis Wartung'),(46,5,'description',4,'Entretien du prix de l\'article pour l\'utilisateur'),(46,6,'description',1,'Promotion maintenance'),(46,6,'description',2,'Manutenção de promoção'),(46,6,'description',3,'Promotion Wartung'),(46,6,'description',4,'Entretien des promotions'),(46,7,'description',1,'Order maintenance'),(46,7,'description',2,'Manutenção por ordem'),(46,7,'description',3,'Bestellungswartung'),(46,7,'description',4,'Entretien des commandes'),(46,8,'description',1,'Credit card maintenance'),(46,8,'description',2,'Manutenção de cartão de crédito'),(46,8,'description',3,'Kreditkareten Wartung'),(46,8,'description',4,'Entretien des cartes bancaires'),(46,9,'description',1,'Invoice maintenance'),(46,9,'description',2,'Manutenção de facturas'),(46,9,'description',3,'Rechnungswartung'),(46,9,'description',4,'Entretien de la facture'),(46,11,'description',1,'Pluggable tasks maintenance'),(46,11,'description',2,'Manutenção de tarefas de plug-ins'),(46,11,'description',3,'Steckbare Aufgabenwartung'),(46,11,'description',4,'Entretien des tâches pour utiliser des plugins'),(47,1,'description',1,'A prepaid order has unbilled time before the billing process date'),(47,1,'description',2,'Uma ordem prê-paga tem tempo não facturado anterior data de facturação'),(47,1,'description',3,'Eine voraus bezahlte Bestellung hat noch nicht abgerechneten Zeit vor dem Abrechnungsdatum'),(47,1,'description',4,'Une commande prépayée comprend du temps non facturé avant la date de traitement de la facturation'),(47,2,'description',1,'Order has no active time at the date of process.'),(47,2,'description',2,'A ordem não tem nenhum período activo data de processamento.'),(47,2,'description',3,' Bestellung hat keine aktive Zeit zum Zeitpunkt des Prozesses.'),(47,2,'description',4,'La commande n\'a pas d\'heure active à la date du traitement.'),(47,3,'description',1,'At least one complete period has to be billable.'),(47,3,'description',2,'Pelo menos um período completo tem de ser facturável.'),(47,3,'description',3,' Mindestens ein kompletter Zeitraum ist abrechenbar.'),(47,3,'description',4,'Au moins une période complète doit être facturable.'),(47,4,'description',1,'Already billed for the current date.'),(47,4,'description',2,'Já há facturação para o período.'),(47,4,'description',3,'Bereits fƒr das jetzige Datum abgrechnet.'),(47,4,'description',4,'Déjà facturée pour la date actuelle.'),(47,5,'description',1,'This order had to be maked for exclusion in the last process.'),(47,5,'description',2,'Esta ordem teve de ser marcada para exclusão do último processo.'),(47,5,'description',3,' Diese Bestellung musste im letzten Prozess als ausgeschlossen markiert werden.'),(47,5,'description',4,'Cette commande a dû être exclu lors du dernier traitement.'),(47,6,'description',1,'Pre-paid order is being process after its expiration.'),(47,6,'description',2,'Pre-paid order is being process after its expiration.'),(47,6,'description',3,' Vorausbezahlte Bestellung wird nach dem Verfallsprozess bearbeitet.'),(47,6,'description',4,'La commande prépayée est traitée après son expiration'),(47,7,'description',1,'A row was marked as deleted.'),(47,7,'description',2,'A linha marcada foi eliminada.'),(47,7,'description',3,'Eine Linie wurde als gelÖscht markiert.'),(47,7,'description',4,'Une ligne a été signalée comme supprimée.'),(47,8,'description',1,'A user password was changed.'),(47,8,'description',2,'A senha de utilizador foi alterada.'),(47,8,'description',3,'Ein Benutzerpassword wurde geèndert.'),(47,8,'description',4,'Le mot de passe d\'un utilisateur a été modifié.'),(47,9,'description',1,'A row was updated.'),(47,9,'description',2,'Uma linha foi actualizada.'),(47,9,'description',3,'Eine Linie wurde aktualisiert.'),(47,9,'description',4,'Une ligne a été mise à jour.'),(47,10,'description',1,'Running a billing process, but a review is found unapproved.'),(47,10,'description',2,'A correr um processo de facturação, foi encontrada uma revisão rejeitada.'),(47,10,'description',3,' Ein Abrechnungprozess lèuft, aber eine Prƒfung wurde als ungenehmigt befunden.'),(47,10,'description',4,'Exécution d\'un processus de facturation, mais un examen s\'avère non approuvé'),(47,11,'description',1,'Running a billing process, review is required but not present.'),(47,11,'description',2,'A correr um processo de facturação, uma necessária mas não encontrada.'),(47,11,'description',3,' Ein Abrechnungprozess lèuft, eine Prƒfung ist notwendig aber wurde nicht gefunden.'),(47,11,'description',4,'Exécution d\'un processus de facturation, un examen est requis mais non présent.'),(47,12,'description',1,'A user status was changed.'),(47,12,'description',2,'Um status de utilizador foi alterado.'),(47,12,'description',3,'Ein Benutzerstatus wurde geèndert.'),(47,12,'description',4,'Le statut d\'un utilisateur a été modifié.'),(47,13,'description',1,'An order status was changed.'),(47,13,'description',2,'Um status de uma ordem foi alterado.'),(47,13,'description',3,'Ein Bestellungszustand wurde geèndert.'),(47,13,'description',4,'Le statut d\'une commande a été modifié.'),(47,14,'description',1,'A user had to be aged, but there\'s no more steps configured.'),(47,14,'description',2,'Um utilizador foi inserido no processo de antiguidade, mas não há mais passos configurados.'),(47,14,'description',3,' Ein Benutzer musste vegƒted werden, aber keine weiteren Schritte sind konfiguriert.'),(47,14,'description',4,'Un utilisateur doit être à un stade, mais il n\'y a plus d\'étapes configurées'),(47,15,'description',1,'A partner has a payout ready, but no payment instrument.'),(47,15,'description',2,'Um parceiro tem um pagamento a receber, mas não tem instrumento de pagamento.'),(47,15,'description',3,'Ein Partner hat eine Bezahlung, aber kein Bezahlungsinstrument.'),(47,15,'description',4,'Un paiement est prêt pour un partenaire, mais aucun instrument de paiement.'),(47,16,'description',1,'A purchase order as been manually applied to an invoice.'),(47,16,'description',2,'Uma ordem de compra foi aplicada manualmente a uma factura.'),(47,16,'description',3,'Eine Bestellung wurde manuell auf eine Rechnung hinzugefƒgt.'),(47,16,'description',4,'Un bon de commande a été manuellement appliqué à une facture.'),(47,17,'description',1,'The order line has been updated'),(47,17,'description',3,'Die Bestellungszeile wurde aktualisiert'),(47,17,'description',4,'La ligne de commande a été mise à jour'),(47,18,'description',1,'The order next billing date has been changed'),(47,18,'description',3,'Das Abrechnunsdatung der Betellung wurde geändert'),(47,18,'description',4,'La prochaine de facturation des commandes a été modifiée'),(47,19,'description',1,'Last API call to get the the user subscription status transitions'),(47,19,'description',3,'Letzer API-Aufruf, um die Benutzer Abonnement Zustandsübergänge zu erhalten'),(47,19,'description',4,'Dernier appel API pour obtenir les changements du statut des abonnements des utilisateurs'),(47,20,'description',1,'User subscription status has changed'),(47,20,'description',3,'Benutzer Abonnement Status wurde geändert'),(47,20,'description',4,'Le statut de l\'abonnement de l\'utilisateur a changé'),(47,21,'description',1,'User account is now locked'),(47,21,'description',3,'Benutzerkonto ist jetzt gesperrt'),(47,21,'description',4,'Le compte utilisateur est désormais bloqué'),(47,22,'description',1,'The order main subscription flag was changed'),(47,22,'description',3,'Die Hauptabonnement Markierung der Betstellung wurde geändert'),(47,22,'description',4,'La case à cocher Abonnement principal pour les commandes a été modifiée'),(47,23,'description',3,'Alle einmaligen Bestellungen die Vermittlung befanden sich im beendeten Status'),(47,23,'description',4,'Toutes les commandes uniques trouvées par la médiation avaient le statut Terminée'),(47,24,'description',1,'A valid payment method was not found. The payment request was cancelled'),(47,24,'description',3,'Eine gültige Zahlungsmethode konnte nicht gefunden werden. Die Zahlungsanforderung wurde storniert'),(47,24,'description',4,'Aucune méthode de paiement valide n\'a été trouvée. La demande de paiement a été annulée'),(47,25,'description',1,'A new row has been created'),(47,25,'description',3,'Eine neue Zeile wurde erstellt'),(47,25,'description',4,'Une nouvelle ligne a été créée'),(47,26,'description',1,'An invoiced order was cancelled, a credit order was created'),(47,26,'description',3,'Eine abrechnete Bestellung wurde storniert, eine Kreditbestellung wurde erstellt'),(47,26,'description',4,'Une commande facturée a été annulée, un ordre de crédit a été créé'),(47,27,'description',1,'A user id was added to the blacklist'),(47,27,'description',3,'Eine Benutzer ID wurde auf die Sperrliste hinzugefügt'),(47,27,'description',4,'Un identifiant utilisateur a été ajouté à la liste noire'),(47,28,'description',1,'A user id was removed from the blacklist'),(47,28,'description',3,'Eine Benutzer ID wurde von der Sperrliste entfernt'),(47,28,'description',4,'Un identifiant utilisateur a été supprimé de la liste noire'),(47,29,'description',3,'Verwendet einen Bereitstellungsbefehl mit einem UUID'),(47,29,'description',4,'A publié une commande d\'approvisionnement en utilisant un UUId'),(47,30,'description',3,'Es wurde ein Befehl für die Bereitstellung veröffentlicht'),(47,30,'description',4,'Une commande d\'approvisionnement a été publiée'),(47,31,'description',3,'Der Bereitstellungsstatus einer Bestellzeile hat sich geändert'),(47,31,'description',4,'Le statut d\'approvisionnement d\'une ligne de commande a changé'),(47,32,'description',1,'User subscription status has NOT changed'),(47,32,'description',3,'Benutzer Abonnement Status wurde NICHT geändert'),(47,32,'description',4,'Le statut de l\'abonnement de l\'utilisateur n\'a PAS changé'),(47,33,'description',1,'The dynamic balance of a user has changed'),(47,33,'description',3,'Die dynamische Balance eines Benutzers hat sich geändert'),(47,33,'description',4,'Le solde dynamique d\'un utilisateur a changé'),(47,34,'description',1,'The invoice if child flag has changed'),(47,34,'description',3,'Die Rechnung wenn eine Untermarkierung sich geändert hat'),(47,34,'description',4,'La facture si la case à cocher Enfant a changé'),(47,35,'description',1,'A Reseller Order was created for the Root Entity during Invoice generation for a Child Entity.'),(47,35,'description',4,'Une commande revendeur a été créée pour l\'entité racine au cours de la génération d\'une facture pour une entité enfant.'),(47,37,'description',1,'A failed login attempt was made.'),(47,37,'description',4,'Une tentative de connexion infructueuse a été effectuée.'),(47,38,'description',1,'User logged in successfully'),(47,39,'description',1,'User logged out successfully'),(47,40,'description',1,'User failed to log in due to incorrect username/password'),(50,1,'description',1,'Process payment with billing process'),(50,1,'description',2,'Processar pagamento com processo de facturação'),(50,1,'description',3,' Bezahlung mit dem Zahlungsprozess durchfƒhren '),(50,1,'description',4,'Traiter le paiement avec le processus de facturation'),(50,2,'description',1,'URL of CSS file'),(50,2,'description',2,'URL ou ficheiro CSS'),(50,2,'description',3,'URL der CSS Datei'),(50,2,'description',4,'URL du fichier CSS'),(50,3,'description',1,'URL of logo graphic'),(50,3,'description',2,'URL ou gráfico de logotipo'),(50,3,'description',3,'URL der Logografik'),(50,3,'description',4,'URL de l\'image du logo'),(50,4,'description',1,'Grace period'),(50,4,'description',2,'Período de graça'),(50,4,'description',3,'Frist'),(50,4,'description',4,'Délai supplémentaire'),(50,4,'instruction',1,'Grace period in days before ageing a customer with an overdue invoice.'),(50,4,'instruction',3,'Schonfrist in Tagen vor der Datierung eines Kunden mit einer überfälligen Rechnung.'),(50,4,'instruction',4,'Délai supplémentaire en jours avant l\'avancement des phases d\'un client avec un retard de paiement pour une facture.'),(50,13,'description',1,'Self delivery of paper invoices'),(50,13,'description',2,'Entrega pelo mesmo das facturas em papel'),(50,13,'description',3,'Selbstbelieferung von Papierrechnungen'),(50,13,'description',4,'Factures papier par courrier postal'),(50,13,'instruction',1,'Set to \'1\' to e-mail invoices as the billing company. \'0\' to deliver invoices as jBilling.'),(50,13,'instruction',3,'Auf \'1\' einstellen um Rechnungen als Abrechnungsunternehmen per Email zu schicken. “0” um Rechnungen als jBilling zu schicken.'),(50,13,'instruction',4,'Configurez sur \'1\' pour envoyer des factures par e-mail sous le nom de la société de facturation. Sur \'0\' pour transmettre les factures en tant que jBilling.'),(50,14,'description',1,'Include customer notes in invoice'),(50,14,'description',2,'Incluir notas do cliente na factura'),(50,14,'description',3,'Kundenanmerkungen zur Rechnung hinzufƒgen'),(50,14,'description',4,'Inclure les notes du client sur la facture'),(50,14,'instruction',1,'Set to \'1\' to show notes in invoices, \'0\' to disable.'),(50,14,'instruction',3,'Auf \'1\' einstellen um Anmerkungen in Rechnungen anzuzeigen, “0” um dies auszuschalten.'),(50,14,'instruction',4,'Configurez sur \'1\' pour afficher des notes sur les factures\', sur \'0\' pour désactiver.'),(50,15,'description',1,'Days before expiration for order notification'),(50,15,'description',2,'Dias antes da expiração para notificação de ordens'),(50,15,'description',3,'Tage vor Ablauf der Auftragsbenachrichtigung'),(50,15,'description',4,'Jours avant l\'expiration de la notification de la commande'),(50,15,'instruction',1,'Days before the orders \'active until\' date to send the 1st notification. Leave blank to disable.'),(50,15,'instruction',3,'Tage vor dem Bestellungs \'aktiv bis \' Datum um die 1. Benachrichtigung zu senden. Leer lassen, um zu deaktivieren.'),(50,15,'instruction',4,'Jours avant la date \'actives jusqu\'au\' des commandes pour envoyer la 1ère notification. Laissez ce champ vide pour désactiver.'),(50,16,'description',1,'Days before expiration for order notification 2'),(50,16,'description',2,'Dias antes da expiração para notificação de ordens 2'),(50,16,'description',3,'Tage vor Ablauf der Auftragsbenachrichtigung 2'),(50,16,'description',4,'Jours avant l\'expiration pour la notification de la commande 2'),(50,16,'instruction',1,'Days before the orders \'active until\' date to send the 2nd notification. Leave blank to disable.'),(50,16,'instruction',3,'Tage vor dem Bestellungs \'aktiv bis \' Datum um die 2. Benachrichtigung zu senden. Leer lassen, um zu deaktivieren.'),(50,16,'instruction',4,'Jours avant la date \'actives jusqu\'au\' des commandes pour envoyer la 2ème notification. Laissez ce champ vide pour désactiver.'),(50,17,'description',1,'Days before expiration for order notification 3'),(50,17,'description',2,'Dias antes da expiração para notificação de ordens 3'),(50,17,'description',3,'Tage vor Ablauf der Auftragsbenachrichtigung 3'),(50,17,'description',4,'Jours avant l\'expiration pour la notification de la commande 3'),(50,17,'instruction',1,'Days before the orders \'active until\' date to send the 3rd notification. Leave blank to disable.'),(50,17,'instruction',3,'Tage vor dem Bestellungs \'aktiv bis \' Datum um die 3. Benachrichtigung zu senden. Leer lassen, um zu deaktivieren.'),(50,17,'instruction',4,'Jours avant la date \'actives jusqu\'au\' des commandes pour envoyer la 3ème notification. Laissez ce champ vide pour désactiver.'),(50,18,'description',1,'Invoice number prefix'),(50,18,'description',2,'NÚmero de prefixo da factura'),(50,18,'description',3,'Rechnungsnummer Prèfix '),(50,18,'description',4,'Préfixe du numéro de facture'),(50,18,'instruction',1,'Prefix value for generated invoice public numbers.'),(50,18,'instruction',3,' Prefix Wert für generierte Rechnung öffentlichen Zahlen.'),(50,18,'instruction',4,'Valeur du préfixe pour les numéros publics des factures générés.'),(50,19,'description',1,'Next invoice number'),(50,19,'description',2,'próximo NÚmero de factura'),(50,19,'description',3,'Nèchste Rechnungsnummer'),(50,19,'description',4,'Prochain numéro de facture'),(50,19,'instruction',1,'The current value for generated invoice public numbers. New invoices will be assigned a public number by incrementing this value.'),(50,19,'instruction',3,' Der aktuelle Wert für die generierte Rechnung öffentlichen Zahlen. Neuen Rechnungen wird eine öffentliche Zahl zugewiesen durch Eröhung dieses Werts.'),(50,19,'instruction',4,'La valeur actuelle pour les numéros publics des factures générés. Les nouvelles factures se verront assignées un numéro public en incrémentant cette valeur.'),(50,20,'description',1,'Manual invoice deletion'),(50,20,'description',2,'Eliminação manual de facturas'),(50,20,'description',3,'Manuelle Rechnungslöschung'),(50,20,'description',4,'Suppression manuelle de la facture'),(50,20,'instruction',1,'Set to \'1\' to allow invoices to be deleted, \'0\' to disable.'),(50,20,'instruction',3,'Auf \' 1 \' einstellen, um es zu ermöglichen Rechnungen zu löschen, \' 0 \' um dies zu deaktivieren.'),(50,20,'instruction',4,'Configurez sur \'1\' pour autoriser la suppression des factures, sur \'0\' pour désactiver.'),(50,21,'description',1,'Use invoice reminders'),(50,21,'description',2,'Usar os lembretes de factura'),(50,21,'description',3,'Rechnungserinnerungen benutzen'),(50,21,'description',4,'Utiliser des relances de facture'),(50,21,'instruction',1,'Set to \'1\' to allow invoice reminder notifications, \'0\' to disable.'),(50,21,'instruction',3,' Auf \' 1 \' einstellen um Rechnungsbenachrichtigungen zu erlauben \' 0 \' um dies zu deaktivieren.'),(50,21,'instruction',4,'Configurez sur \'1\' pour autoriser les notifications de relances, sur \'0\' pour désactiver.'),(50,22,'description',1,'Number of days after the invoice generation for the first reminder'),(50,22,'description',2,'NÚmero de dias após a geração da factura para o primeiro lembrete'),(50,22,'description',3,'Anzahl der Tage nach der Rechnungsgenerierung fƒr die erste Mahnung'),(50,22,'description',4,'Nombre de jours après la génération de la facture pour la première relance'),(50,23,'description',1,'Number of days for next reminder'),(50,23,'description',2,'NÚmero de dias para o próximo lembrete'),(50,23,'description',3,'Anzahl der Tage fƒr die nèchste Erinnerung'),(50,23,'description',4,'Nombre de jours pour la prochaine relance'),(50,24,'description',1,'Data Fattura Fine Mese'),(50,24,'description',2,'Data Factura Fim do Mês'),(50,24,'description',3,'Datei Fattura Fine Mese'),(50,24,'description',4,'Data Fattura Fine Mese'),(50,24,'instruction',1,'Set to \'1\' to enable, \'0\' to disable.'),(50,24,'instruction',3,'Auf \'1\' einstellen um es zu ermögliche, “0” um es zu deakivieren.'),(50,24,'instruction',4,'Configurez sur \'1\' pour activer, sur \'0\' pour désactiver.'),(50,25,'description',1,'Use overdue penalties (interest).'),(50,25,'description',3,'Verwenden Sie überfällig Strafen (Zinsen).'),(50,25,'description',4,'Utiliser des pénalités pour impayés (intérêt).'),(50,25,'instruction',1,'Set to \'1\' to enable the billing process to calculate interest on overdue payments, \'0\' to disable. Calculation of interest is handled by the selected penalty plug-in.'),(50,25,'instruction',3,' Auf \'1\' einstellen, um den Abrechnungsablauf zu ermöglichen Verzugszinsen zu berechnen, \' 0 \' um dies zu deaktivieren. Berechnung der Zinsen wird durch den gewählten Straf Plug-in bearbeitet.'),(50,25,'instruction',4,'Configurez sur \'1\' pour activer le processus de facturation pour calculer les intérêts sur les retards de paiement, sur \'0\' pour désactiver. Le calcul des intérêts est géré par le plugin des pénalités sélectionné.'),(50,27,'description',1,'Use order anticipation.'),(50,27,'description',3,'Bestellungsvorgriffe verwenden.'),(50,27,'description',4,'Utiliser l\'anticipation des commandes.'),(50,27,'instruction',1,'Set to \'1\' to use the \'OrderFilterAnticipateTask\' to invoice a number of months in advance, \'0\' to disable. Plug-in must be configured separately.'),(50,27,'instruction',3,'Auf \'1\' einstellen, um den \'OrderFilterAnticipateTask\' zu verwenden, um eine Anzahl von Monate im Voraus in Rechnung zu setzen, \' 0 \' um dies zu deaktivieren. Plug-ins müssen separat konfiguriert werden.'),(50,27,'instruction',4,'Configurez sur \'1\' pour utiliser OrderFilterAnticipateTask pour facturer un certain nombre de mois à l\'avance, sur \'0\' pour désactiver. Le plugin doit être configuré séparément.'),(50,28,'description',1,'Paypal account.'),(50,28,'description',3,'Paypal Konto.'),(50,28,'description',4,'Compte PayPal.'),(50,28,'instruction',1,'PayPal account name.'),(50,28,'instruction',3,'PayPal Kontoname .'),(50,28,'instruction',4,'Nom du compte PayPal.'),(50,29,'description',1,'Paypal button URL.'),(50,29,'description',3,'Paypal Knopf URL.'),(50,29,'description',4,'URL du bouton PayPal.'),(50,29,'instruction',1,'A URL where the graphic of the PayPal button resides. The button is displayed to customers when they are making a payment. The default is usually the best option, except when another language is needed.'),(50,29,'instruction',3,'Eine URL, wo sich die Grafik des PayPal-Button befindet. Die Taste wird für die Kunden angezeigt, wenn sie eine Zahlung durchführen. Der Standardwert ist in der Regel die beste Option, es sei denn, eine andere Sprache wird benötigt.'),(50,29,'instruction',4,'Une URL où l\'image du bouton PayPal est présente. Le bouton est affiché pour les clients lorsqu\'ils effectuent un paiement. l\'option Par défaut est la meilleure, sauf quand une autre langue est nécessaire.'),(50,30,'description',1,'URL for HTTP ageing callback.'),(50,30,'description',3,'URL für HTTP Datierungsaufruf.'),(50,30,'description',4,'URL pour le rappel des phases de vieillissement en HTTP.'),(50,30,'instruction',1,'URL for the HTTP Callback to invoke when the ageing process changes a status of a user.'),(50,30,'instruction',3,'URL des HTTP Rückrufs wenn der Datierungsprozess den Status eines Benutzers ändert.'),(50,30,'instruction',4,'URL pour le rappel au format HTTP afin d\'invoquer le moment où le processus d\'avancement des phases modifie le statut d\'un utilisateur.'),(50,31,'description',1,'Use continuous invoice dates.'),(50,31,'description',3,' Kontinuierliche Rechnungsdaten verwenden.'),(50,31,'description',4,'Utiliser des dates de facture continues.'),(50,31,'instruction',1,'Default blank. This preference has to be a date (In the format yyyy-mm-dd. Example: 2000-01-31), the system will make sure that all your invoices have their dates in an incremental way. Any invoice with a greater \'ID\' will also have a greater (or equal) date. In other words, a new invoice can not have an earlier date than an existing (older) invoice. To use this preference, set it as a string with the date where to start. This preference will not be used if blank'),(50,31,'instruction',3,'Standard: leer. Diese Einstellung muss ein Datum (im Format JJJJ-MM-TT. Beispiel: 2000.01.31) sein, das System wird sicherstellen, dass alle Ihre Rechnungen ihre Daten in einer inkrementellen Weise haben. Jede Rechnung mit einer größeren \' ID \' wird auch ein größeres (oder gleiches) Datum haben. In anderen Worten, kann eine neue Rechnung kein früheres Datum als eine bestehende (ältere) Rechnung haben. Um diese Einstellung zu verwenden, setzen Sie diese als Kette mit dem Tag, andem es anfangen soll. Diese Einstellung wird nicht verwendet werden wenn es leer ist '),(50,31,'instruction',4,'Espace par défaut. Cette préférence doit être une date (au format aaaa-mm-dd. Exemple : 2000-01-31); le système s\'assurera que les dates de toutes vos factures sont incrémentales. Toute facture avec un \'ID\' supérieur aura également une date postérieure (ou égale). En d\'autres termes, \', a new invoice can not have an earlier date than an existing (older) invoice. To use this preference, set it as a string with the date where to start. This preference will not be used if blank'),(50,32,'description',1,'Attach PDF invoice to email notification.'),(50,32,'description',3,'PDF Rechnung zur Email hinzufügen.'),(50,32,'description',4,'Attacher une facture PDF aux notifications par e-mail.'),(50,32,'instruction',1,'Set to \'1\' to attach a PDF version of the invoice to all invoice notification e-mails. \'0\' to disable.'),(50,32,'instruction',3,'Auf \'1\' einstellen, um eine PDF-Version der Rechnung für alle Rechnungs Benachrichtigungs-E-Mails anzuhängen. \' 0 \' um dies zu deaktivieren.'),(50,32,'instruction',4,'Configurez sur \'1\' pour joindre une version PDF de la facture à toutes les notifications de factures par e-mail. Sur \'0\' pour désactiver.'),(50,33,'description',1,'Force one order per invoice.'),(50,33,'description',3,' Erzwingen einer Bestellung pro Rechnung.'),(50,33,'description',4,'Forcer une commande par facture.'),(50,33,'instruction',1,'Set to \'1\' to show the \'include in separate invoice\' flag on an order. \'0\' to disable.'),(50,33,'instruction',3,'Auf \'1\' einstellen, um die \'zur separaten Rechnung hinzugefügt\' Markierung auf einer Bestellung anzuzeigen. \'0\' um dies zu deaktivieren.'),(50,33,'instruction',4,'Configurez sur \'1\' pour afficher la case à cocher \'inclure dans une facture séparée\' sur une commande. Sur \'0\' pour désactiver.'),(50,35,'description',1,'Add order Id to invoice lines.'),(50,35,'description',3,'Bestellungs ID zu Rechnungszeilen hinzufügen.'),(50,35,'description',4,'Ajouter un ID de commande aux lignes de la facture.'),(50,35,'instruction',1,'Set to \'1\' to include the ID of the order in the description text of the resulting invoice line. \'0\' to disable. This can help to easily track which exact orders is responsible for a line in an invoice, considering that many orders can be included in a single invoice.'),(50,35,'instruction',3,'Auf \'1\' einstellen , um die ID der Bestellung im Beschreibungstext der resultierenden Rechnungsposten hinzuzufügen. \'0\' um dies zu deaktivieren. Dies kann helfen, zu verfolgen, welche Aufträge für eine exakte Linie in einer Rechnung zuständig ist, wenn man bedenkt, dass viele Aufträge in einer einzigen Rechnung aufgenommen werden können.'),(50,35,'instruction',4,'Configurez sur \'1\' pour inclure l\'ID de la commande dans le texte descriptif de la ligne de facture résultante. Sur \'0\' pour désactiver. Cela peut aider à suivre avec précision quelles sont exactement les commandes responsables pour une ligne sur une facture, en prenant en compte que de nombreuses commandes peuvent être incluses dans une facture unique.'),(50,36,'description',1,'Allow customers to edit own contact information.'),(50,36,'description',3,'Es Kunden erlauben Kontaktinformationen zu editieren.'),(50,36,'description',4,'Autoriser les clients à modifier ses propres coordonnées.'),(50,36,'instruction',1,'Set to \'1\' to allow customers to edit their own contact information. \'0\' to disable.'),(50,36,'instruction',3,'Auf \'1\' einstellen um es Kunden zu erlauben ihre eigenen Kontaktinformationen zu editieren. \'0\' um dies zu deaktivieren.'),(50,36,'instruction',4,'Configurez sur \'1\' pour autoriser les clients à modifier leurs propres coordonnées. Sur \'0\' pour désactiver.'),(50,38,'description',1,'Link ageing to customer subscriber status.'),(50,38,'description',3,'Datierung mit dem Kundenabonnentenstatus vebinden.'),(50,38,'description',4,'Lien des phases d\'avancement vers le statut d\'abonné du client.'),(50,38,'instruction',1,'Set to \'1\' to change the subscription status of a user when the user ages. \'0\' to disable.'),(50,38,'instruction',3,' Auf \'1\' einstellen, um den Abo-Status eines Benutzers zu ändern, wenn der Benutzer datiert wird. \'0\' um dies zu deaktivieren.'),(50,38,'instruction',4,'Configurez sur \'1\' pour modifier le statut de l\'abonnement d\'un utilisateur lorsqu\'il y a un avancement dans les phases de ce dernier. Sur \'0\' pour désactiver.'),(50,39,'description',1,'Lock-out user after failed login attempts.'),(50,39,'description',3,'Benutzer nach fehlgeschlagenen Anmeldeversuchen sperren.'),(50,39,'description',4,'Bloquer l\'utilisateur après des tentatives de connexion échouées.'),(50,39,'instruction',1,'The number of retries to allow before locking the user account. A locked user account will be locked for the amount of minutes specified in Preference 68. To enable this locking feature, setting Preference 68 to a non-zero value is a must.'),(50,39,'instruction',4,'Le nombre de tentatives à autoriser avant le blocage du compte utilisateur. Un compte utilisateur bloqué le sera pendant le nombre de minutes indiquées dans Préférence 68. Pour activer cette fonction de blocage, configurer la Préférence 68 sur une valeur différente de zéro est un plus.'),(50,40,'description',1,'Expire user passwords after days.'),(50,40,'description',3,'Benutzerpasswörter nach zwei Tagen ablaufen lassen.'),(50,40,'description',4,'Faire expirer les mots de passe des utilisateurs après plusieurs jours.'),(50,40,'instruction',1,'If greater than zero, it represents the number of days that a password is valid. After those days, the password is expired and the user is forced to change it.'),(50,40,'instruction',3,'Wenn größer als Null, stellt es die Anzahl der Tage dar, für die ein Passwort gültig ist. Nach diesen Tagen, ist das Passwort abgelaufen und der Benutzer ist gezwungen, es zu ändern.'),(50,40,'instruction',4,'Si la valeur est supérieure à zéro, Il représente le nombre de jours pendant lesquels un mot de passe est valide. Une fois ces jours passés, the password is expired and the user is forced to change it.'),(50,41,'description',1,'Use main-subscription orders.'),(50,41,'description',3,'Hauptabonnement Bestellungen benutzen.'),(50,41,'description',4,'Utiliser les commandes de l\'abonnement principal.'),(50,41,'instruction',3,'Auf \'1\' einstellen, um die Nutzung der \'Haupt Abonnement\' Markierung für Bestellungen zu ermöglichen. Diese Markierung wird nur durch das Vermittlungsverfahren gelesen, wenn festgelegt wird wo Bezahlungen eingefügt werden müssen, die von externen Ereignissen kommen.'),(50,41,'instruction',4,'Configurez sur \'1\' pour autoriser l\'utilisation de la case à cocher \'abonnement principal\' pour les commandes. Cette case est uniquement lu par le processus de médiation au moment de déterminer où placer les frais provenant d\'évènements externes. '),(50,42,'description',1,'Use pro-rating.'),(50,42,'description',3,'Pro-rating benutzen.'),(50,42,'description',4,'Utiliser les paiements au prorata.'),(50,42,'instruction',1,'Set to \'1\' to allow the use of pro-rating to invoice fractions of a period. Shows the \'cycle\' attribute of an order. Note that you need to configure the corresponding plug-ins for this feature to be fully functional.'),(50,42,'instruction',3,'Auf \' 1 \' einstellen, um den Einsatz von pro-rating zu ermöglichen, um Bruchteile einer Zeitraum in Rechnung zu stellen. Zeigt das \' Zyklus \' Attribut einer Bestellung. Beachten Sie, dass Sie die entsprechenden Plug-Ins für diese Funktion konfigurieren müssen, um voll funktionsfähig zu sein.'),(50,42,'instruction',4,'Configurez sur \'1\' pour autoriser l\'utilisation des paiements au prorata pour facturer des fractions d\'une période. Afficher l\'attribut \'cycle\' d\'une commande. Notez que vous devez configurer les plugins correspondants pour que cette fonction soit totalement fonctionnelle.'),(50,43,'description',1,'Use payment blacklist.'),(50,43,'description',3,'Zahlungssperrliste benutzen.'),(50,43,'description',4,'Utiliser la liste noire des paiements.'),(50,43,'instruction',1,'If the payment blacklist feature is used, this is set to the id of the configuration of the PaymentFilterTask plug-in. See the Blacklist section of the documentation.'),(50,43,'instruction',3,'Wenn die Zahlung Sperrfunktion verwendet wird, dies wird auf die ID der Konfiguration des PaymentFilterTask plug-in eingestellt. Siehe den Sperrlist-Abschnitt der Dokumentation.'),(50,43,'instruction',4,'Si la fonction d\'inscription sur la liste noire des paiements est utilisée, cet élément est défini comme l\'ID de configuration du plugin PaymentFilterTask. Consultez la section Liste noire de la documentation.'),(50,44,'description',1,'Allow negative payments.'),(50,44,'description',3,'Negative Zahlugen erlauben.'),(50,44,'description',4,'Autoriser les paiements négatifs.'),(50,44,'instruction',1,'Set to \'1\' to allow negative payments. \'0\' to disable'),(50,44,'instruction',3,'Auf \'1\' einstellen um negatives Zahlugen zu erlauben. \'0\' um dies zu deaktivieren'),(50,44,'instruction',4,'Configurez sur \'1\' pour autoriser les paiements négatifs. Sur \'0\' pour désactiver.'),(50,45,'description',1,'Delay negative invoice payments.'),(50,45,'description',3,'Negative Rechnungszahlungen verzögern.'),(50,45,'description',4,'Retarder les paiements des factures négatives.'),(50,45,'instruction',1,'Set to \'1\' to delay payment of negative invoice amounts, causing the balance to be carried over to the next invoice. Invoices that have had negative balances from other invoices transferred to them are allowed to immediately make a negative payment (credit) if needed. \'0\' to disable. Preference 44 & 46 are usually also enabled.'),(50,45,'instruction',3,'Auf \' 1 \' einstellen, um die Zahlung der negativen Rechnungsbeträge zu verzögern, wodurch die Balance auf die nächste Rechnung übertragen wird. Rechnungen, die negative Salden von anderen Rechnungen auf sie übertragen haben dürfen unverzüglich eine negative Zahlung (Kredit) durchführen, wenn nötig. \'0\' um dies zu deaktivieren. Präferenz 44 & 46 sind in der Regel ebenfalls aktiviert.'),(50,45,'instruction',4,'Configurez sur \'1\' pour retarder le paiement des montants de factures négatifs, \', causant le report su solde sur la facture suivante. Les factures ayant des soldes négatifs provenant d\'autres factures sont autorisées à effectuer immédiatement un paiement négatif (crédit) si nécessaire. sur \'0\' pour désactiver. Les préférences 44 et 46 sont généralement également activées.'),(50,46,'description',1,'Allow invoice without orders.'),(50,46,'description',3,'Rechnung ohne Bestellungen erlaube.'),(50,46,'description',4,'Autoriser les factures sans commandes.'),(50,46,'instruction',1,'Set to \'1\' to allow invoices with negative balances to generate a new invoice that isn\'t composed of any orders so that their balances will always get carried over to a new invoice for the credit to take place. \'0\' to disable. Preference 44 & 45 are usually also enabled.'),(50,46,'instruction',3,'Auf \'1\' einstellen, damit Rechnungen mit Negativsalden zu erlauben eine neue Rechnung zu erstellen, die nicht aus Bestellungen bestehet, so dass ihr Guthaben wird immer auf eine neue Rechnung übertragen wird, damit der Kredit erfolgen kann. \'0\' um dies zu deaktivieren. Präferenz 44 & 45 sind in der Regel ebenfalls aktiviert.'),(50,46,'instruction',4,'Configurez sur \'1\' pour autoriser les factures avec des soles négatifs à générer une nouvelle facture qui n\'est pas composée de commandes afin que leurs soldes soient toujours reportés sur une nouvelle facture pour que le crédit soit pris en compte. Sur \'0\' pour désactiver. Les préférences 44 et 45 sont généralement également activées.'),(50,47,'description',3,'Zuletzt gelesene Vermittlungsbericht ID.'),(50,47,'description',4,'Dernier ID d\'enregistrement la médiation lu.'),(50,47,'instruction',3,'ID des letzten Datensatzes durch das Vermittlungs verfahren. Dies wird verwendet, um festzustellen, welche Datensätze \'neu\' sind und gelesen weren müssen.'),(50,47,'instruction',4,'ID du dernier enregistrement lu par le processus de médiation. Cela sert à déterminer quels enregistrements sont \'nouveaux\' et doivent être lus.'),(50,48,'description',3,'Bereitstellung benutzen.'),(50,48,'description',4,'Utiliser l\'approvisionnement.'),(50,48,'instruction',3,'Auf \'1\' einstellen um die Benutzung von Bereitstellungen zu erlauben. \'0\' um dies zu deaktivieren.'),(50,48,'instruction',4,'Configurez sur \'1\' pour autoriser l\'utilisation de l\'approvisionnement. Sur \'0\' pour désactiver.'),(50,49,'description',1,'Automatic customer recharge threshold.'),(50,49,'description',3,'Automatische Kundenaufladeschwelle.'),(50,49,'description',4,'Seuil de recharge automatique des clients.'),(50,49,'instruction',1,'The threshold value for automatic payments. Pre-paid users with an automatic recharge value set will generate an automatic payment whenever the account balance falls below this threshold. Note that you need to configure the AutoRechargeTask plug-in for this feature to be fully functional.'),(50,49,'instruction',3,'Der Schwellwert für automatische Zahlungen. Prepaid-Nutzer mit einem eingestellten automatischen Wiederaufladungwert eingestellte erzeugen eine automatische Zahlung, wenn der Kontostand unter diesen Schwellwert fällt. Beachten Sie, dass Sie der AutoRechargeTask Plug-in für diese Funktion konfiguriert werden muss, um voll funktionsfähig zu sein.'),(50,49,'instruction',4,'La valeur seuil pour les paiements automatiques. Les utilisateurs prépayés avec une valeur de recharge automatique définie génèreront un paiement automatique à chaque fois que le solde du compte tombe sous ce seuil. Notez que vous devez configurer les plugins correspondants pour que le plugin AutoRechargeTask soit totalement fonctionnel.'),(50,50,'description',1,'Invoice decimal rounding.'),(50,50,'description',3,'Dezimale Rechnunsaufrundung.'),(50,50,'description',4,'Arrondissement des factures aux décimales.'),(50,50,'instruction',1,'The number of decimal places to be shown on the invoice. Defaults to 2.'),(50,50,'instruction',3,'Die Anzahl der Dezimalstellen welche auf der Rechnung ausgewiesen sind. Der Standardwert ist 2.'),(50,50,'instruction',4,'Le nombre de décimales à afficher sur la facture. Par défaut sur 2.'),(50,51,'description',1,'Minimum Balance for which to ignore ageing'),(50,51,'description',3,'Minimum Balance um Datierung zu ignorieren'),(50,51,'description',4,'Solde minimum pour lequel ignorer l\'avancement des phases'),(50,51,'instruction',1,'Minimum Balance that the business is willing to ignore if overdue on an Invoice. If set, this value will determine if the User has enough balance to continue to Ageing or receive Notifications for Unpaid Invoices'),(50,51,'instruction',3,'Minimum Balance, welche das Unternehmen bereit ist zu ignorieren, wenn überfällig auf einer Rechnung. Wenn dies eingestellt ist, wird dieser Wert bestimmen, ob der Nutzer hat genug Balance hat weiter zu datieren oder Benachrichtigungen für unbezahlten Rechnungen erhält'),(50,51,'instruction',4,'Solde minimum que la société est prête à ignorer en cas de retard de paiement sur une facture. Si l\'option est configurée, cette valeur déterminera si l\'utilisateur a un solde suffisant pour continuer à avancer dans les phases ou pour recevoir des notifications pour des factures impayées'),(50,52,'description',1,'Attach latest Invoice to all Overdue Notification.'),(50,52,'description',3,'Aktuelle Rechnung an alle überfälligen Mitteilungen anhängen.'),(50,52,'description',4,'Joindre la dernière facture à toutes les Notifications de retard de paiement.'),(50,52,'instruction',1,'Overdue Notification Overdue 1 2 and 3 by default do not attach Invoices to the notification email. With this preference, the latest Invoice can be attached to such notifications automatically.'),(50,52,'instruction',3,'Überfällig Mitteilungen 1, 2 und 3 hängen normalerweise keine Rechnungen an die E-Mail-Benachrichtigungen an. Mit dieser Einstellung kann die neueste Rechnung automatisch auf diese Mitteilungen befestigt werden.'),(50,52,'instruction',4,'Notification d\'impayé. Impayés 1, 2 et 3 par défaut ne joignent pas de factures à la notification par e-mail. Avec cette préférence, la dernière facture peut être jointe automatiquement à ces notifications.'),(50,53,'description',1,'Force Unique Emails'),(50,53,'description',3,'Spezifische Emails erzwingen'),(50,53,'description',4,'Forcer les e-mails uniques'),(50,53,'instruction',1,'Set to 1 in order to force unique emails among the users/customers into the company. Set to 0 otherwise.'),(50,53,'instruction',3,'Auf 1 einstellen, um spezifische E-Mails zwischen den Benutzern/Kunden und den Unternehmen zu erzwingen. Ansonsten auf 0 gesetzt.'),(50,53,'instruction',4,'Configurez sur \'1\' pour forcer les e-mails uniques parmi les utilisateurs/clients dans la société. Sinon, configurez sur \'0\''),(50,55,'description',1,'Unique product code'),(50,55,'description',4,'Code produit unique'),(50,55,'instruction',1,'Allows unique product code, If set the product code or internal number of a product/item would be enforced to be unique'),(50,55,'instruction',4,'Autorise un code produit unique, S\'il est défini, le code produit ou la référence interne d\'un produit/article doit être forcé(e) pour être unique'),(50,61,'description',1,'Agent Commission Type'),(50,61,'description',3,'Agent Provisions Typ'),(50,61,'description',4,'Type de commission des agents'),(50,61,'instruction',1,'Defines the default agents\' commission type for the entity, one of: INVOICE, PAYMENT'),(50,61,'instruction',3,'Definiert den Provisionstyp des Standardagenten für das Unternehmen, einer dieser: RECHNUNG, ZAHLUNG'),(50,61,'instruction',4,'Il définit le type de commission des agents par défaut pour l\'entité, une des : FACTURE, PAYMENT'),(50,62,'description',4,'Afficher les articles du plan sans impact'),(50,63,'description',1,'Should use JQGrid for tables'),(50,63,'description',3,'Sollte JQGrid für Tabellen benutzen'),(50,63,'description',4,'Doit utiliser JQGrid pour les tableaux'),(50,63,'instruction',1,'Set to \'0\' to use the common layout or set to \'1\' to use JQGrid on the site\'s tables'),(50,63,'instruction',3,'Auf \'0\'einstellen um den Stadardlayout zu benutzen, oder auf \'1\' einstellen um JQGrid auf den Tabellen der Seite zu benutzen'),(50,63,'instruction',4,'Configurez sur \'0\' pour utiliser la disposition classique, ou sur \'1\' pour utiliser JQGrid  sur les tableaux du site'),(50,64,'description',1,'Diameter Destination Realm'),(50,64,'description',4,'Royaume de destination Diameter'),(50,64,'instruction',1,'The realm to be charged. This can be used for routing Diameter messages, so should match a locally-configured realm.'),(50,64,'instruction',4,'Le royaume à facturer. Il peut être utilisé pour router les messages Diameter, il faut donc que cela corresponde au royaume configuré localement.'),(50,65,'description',1,'Diameter Quota Threshold'),(50,65,'description',4,'Seuil du quota Diameter'),(50,65,'instruction',1,'When this number of seconds remains the call handling unit should request re-authorisation.'),(50,65,'instruction',4,'Lorsque ce nombre de secondes demeure, l\'unité de traitement des appels doit demander une nouvelle autorisation.'),(50,66,'description',1,'Diameter Session Grace Period'),(50,66,'description',4,'Délai supplémentaire pour la session Diameter'),(50,66,'instruction',1,'Number of seconds to wait before Diameter sessions are forcibly closed.'),(50,66,'instruction',4,'Nombre de secondes à attendre avant que les sessions Diameter soient fermées de force.'),(50,67,'description',1,'Diameter units multiplier/divisor'),(50,67,'description',4,'Multiplicateur/Diviseur d\'unités Diameter'),(50,67,'instruction',1,'The units value received from Diameter is divided/multiplied by this factor to convert input seconds to other time units. Values < 1 set the multiplier to 1.'),(50,67,'instruction',4,'La valeur des unités reçues de la part de Diameter est divisée/multipliée par ce facteur pour convertir les secondes entrées en d\'autres unités de temps. Les valeurs < 1 configurent le multiplicateur sur 1.'),(50,68,'description',1,'Account Lockout Time'),(50,68,'description',4,'Durée de blocage du compte'),(50,68,'instruction',1,'Number of minutes a User\'s account will remain locked after the number of allowed retries (Preference 39) are exhausted.'),(50,68,'instruction',4,'Nombre de minutes pendant lesquelles un compte utilisateur restera bloqué après que le nombre de tentatives autorisées soit épuisé (Préférence 39).'),(50,69,'description',4,'Notification de facture ITG'),(50,69,'instruction',4,'Actives les notifications de factures ITG (Générateur de modèles de factures).'),(50,70,'description',1,'Expire Inactive Accounts After Days'),(50,70,'description',4,'Faire expirer les comptes inactifs après plusieurs jours.'),(50,70,'instruction',1,'Number of days after which a User\'s account will become inactive. This will disable the ability to login to jBilling for that user.'),(50,70,'instruction',4,'Nombre de jours après lesquels un compte utilisateur devient inactif. Cela désactiver la capacité de cet utilisateur à se connecter à jBilling.'),(50,71,'description',1,'Forgot Password Expiration (hours)'),(50,71,'instruction',1,'Hours until the link for password change expires.'),(50,75,'description',1,'Should credentials be created by default'),(50,75,'instruction',1,'1 to have credentials created by default when the user is created. 0 (default) to require credential creation be requested upon creation.'),(50,76,'description',1,'Default Asset Reservation Duration'),(50,76,'instruction',1,'Add Default Asset reservation minute here. It will work if product is asset enabled. (Must be greater than zero)'),(52,1,'description',1,'Invoice (email)'),(52,1,'description',2,'Factura (email)'),(52,1,'description',3,'Rechnung (email)'),(52,1,'description',4,'Facture (e-mail)'),(52,2,'description',1,'User Reactivated'),(52,2,'description',2,'Utilizador Reactivado'),(52,2,'description',3,'Benutzer neu aktiviert'),(52,2,'description',4,'Utilisateur réactivé'),(52,3,'description',1,'User Overdue'),(52,3,'description',2,'Utilizador Em Atraso'),(52,3,'description',3,'Benutzer ƒberfèllig'),(52,3,'description',4,'Retard de paiement du client'),(52,4,'description',1,'User Overdue 2'),(52,4,'description',2,'Utilizador Em Atraso 2'),(52,4,'description',3,'Benutzer ƒberfèllig 2'),(52,4,'description',4,'Retard de paiement 2 du client'),(52,5,'description',1,'User Overdue 3'),(52,5,'description',2,'Utilizador Em Atraso 3'),(52,5,'description',3,'Benutzer ƒberfèllig 3'),(52,5,'description',4,'Retard de paiement 3 du client'),(52,6,'description',1,'User Suspended'),(52,6,'description',2,'Utilizador Suspenso'),(52,6,'description',3,'Benutzer gesperrt'),(52,6,'description',4,'Utilisateur suspendu'),(52,7,'description',1,'User Suspended 2'),(52,7,'description',2,'Utilizador Suspenso 2'),(52,7,'description',3,'Benutzer gesperrt 2'),(52,7,'description',4,'Utilisateur suspendu 2'),(52,8,'description',1,'User Suspended 3'),(52,8,'description',2,'Utilizador Suspenso 3'),(52,8,'description',3,'Benutzer gesperrt 3'),(52,8,'description',4,'Utilisateur suspendu 3'),(52,9,'description',1,'User Deleted'),(52,9,'description',2,'Utilizador Eliminado'),(52,9,'description',3,'Benutzer gelÖscht'),(52,9,'description',4,'Utilisateur supprimé'),(52,10,'description',2,'Pagamento Remascente'),(52,11,'description',2,'Parceiro Pagamento'),(52,12,'description',1,'Invoice (paper)'),(52,12,'description',2,'Factura (papel)'),(52,12,'description',3,'Rechnung (Papier)'),(52,12,'description',4,'Facture (papier)'),(52,13,'description',1,'Order about to expire. Step 1'),(52,13,'description',2,'Ordem de compra a expirar. Passo 1'),(52,13,'description',3,'Bestellung verfèllt bald. Schritt 1'),(52,13,'description',4,'Commande sur le point d\'expirer. Étape 1'),(52,14,'description',1,'Order about to expire. Step 2'),(52,14,'description',2,'Ordem de compra a expirar. Passo 2'),(52,14,'description',3,'Bestellung verfèllt bald. Schritt 2'),(52,14,'description',4,'Commande sur le point d\'expirer. Étape 2'),(52,15,'description',1,'Order about to expire. Step 3'),(52,15,'description',2,'Ordem de compra a expirar. Passo 3'),(52,15,'description',3,'Bestellung verfèllt bald. Schritt 3'),(52,15,'description',4,'Commande sur le point d\'expirer. Étape 3'),(52,16,'description',1,'Payment (successful)'),(52,16,'description',2,'Payment (com sucesso)'),(52,16,'description',3,'Payment (erfolgreich)'),(52,16,'description',4,'Paiement (réussi)'),(52,17,'description',1,'Payment (failed)'),(52,17,'description',2,'Payment (sem sucesso)'),(52,17,'description',3,'Bezahlung (fehlgeschlagen)'),(52,17,'description',4,'Paiement (échec)'),(52,18,'description',1,'Invoice Reminder'),(52,18,'description',4,'Relance de facture'),(52,19,'description',1,'Update Credit Card'),(52,19,'description',2,'Actualizar cartão de crédito'),(52,19,'description',3,'Kreditkarte aktualisieren'),(52,19,'description',4,'Mettre à jour la carte bancaire'),(52,20,'description',1,'Lost password'),(52,20,'description',2,'Senha esquecida'),(52,20,'description',3,'Passwort verloren'),(52,20,'description',4,'Mot de passe perdu'),(52,21,'description',1,'Credentials creation'),(52,22,'description',1,'Payment Entered'),(52,22,'description',3,'Bezahlung eingegeben'),(52,22,'description',4,'Paiement saisi'),(52,23,'description',1,'Payment (refund)'),(52,23,'description',3,'Bezahlung (Rückerstattung)'),(52,23,'description',4,'Paiement (remboursement)'),(52,24,'description',1,'Balance Below Threshold'),(52,24,'description',4,'Seuil inférieur au solde'),(52,25,'description',1,'Usage Pool Consumption'),(52,25,'description',4,'Consommation du regroupement d\'utilisation'),(52,26,'description',1,'Credit Limitation 1'),(52,26,'description',4,'Limitation de crédit 1'),(52,27,'description',1,'Credit Limitation 2'),(52,27,'description',4,'Limitation de crédit 2'),(52,29,'description',1,'CRM Create'),(52,30,'description',1,'CRM Update'),(59,105,'description',1,'Show crm menu'),(59,10,'description',1,'Create customer'),(59,10,'description',3,'Kunden erstellen'),(59,10,'description',4,'Créer un client'),(59,11,'description',1,'Edit customer'),(59,11,'description',3,'Kunden editieren'),(59,11,'description',4,'Modifier le client'),(59,12,'description',1,'Delete customer'),(59,12,'description',3,'Kunden löschen'),(59,12,'description',4,'Supprimer le client'),(59,13,'description',1,'Inspect customer'),(59,13,'description',3,'Kunden prüfen'),(59,13,'description',4,'Inspecter le client'),(59,14,'description',1,'Blacklist customer'),(59,14,'description',3,'Kunden sperren'),(59,14,'description',4,'Inscrire le client sur la liste noire'),(59,15,'description',1,'View customer details'),(59,15,'description',3,'Kundendetails ansehen'),(59,15,'description',4,'Voir les informations du client'),(59,16,'description',1,'Download customer CSV'),(59,16,'description',3,'Kunden CSV herunterladen'),(59,16,'description',4,'Télécharger le CSV du client'),(59,17,'description',1,'View all customers'),(59,17,'description',3,'Alle Kunden anzeigen'),(59,17,'description',4,'Voir tous les clients'),(59,18,'description',1,'View customer sub-accounts'),(59,18,'description',3,'Alle Kunden Unterkonten anzeigen'),(59,18,'description',4,'Voir les sous-comptes du client'),(59,19,'description',3,'Nächstes Rechnungsdatum editieren'),(59,19,'description',4,'Modifier la date de la prochaine facture'),(59,20,'description',1,'Create order'),(59,20,'description',3,'Bestellung erstellen'),(59,20,'description',4,'Créer une commande'),(59,21,'description',1,'Edit order'),(59,21,'description',3,'Bestellung editieren'),(59,21,'description',4,'Modifier la commande'),(59,22,'description',1,'Delete order'),(59,22,'description',3,'Bestellung löschen'),(59,22,'description',4,'Supprimer la commande'),(59,23,'description',1,'Generate invoice for order'),(59,23,'description',3,'Rechnung für Bestellung erzeugen'),(59,23,'description',4,'Générer une facture pour la commande'),(59,24,'description',1,'View order details'),(59,24,'description',3,'Bestellungsdetails anzeigen'),(59,24,'description',4,'Voir les détails de la commande'),(59,25,'description',1,'Download order CSV'),(59,25,'description',3,'Bestellungs CSV herunterladen'),(59,25,'description',4,'Télécharger le CSV des commandes'),(59,26,'description',1,'Edit line price'),(59,26,'description',3,'Zeilenpreis editieren'),(59,26,'description',4,'Modifier le prix de la ligne'),(59,27,'description',1,'Edit line description'),(59,27,'description',3,'Zeilenbeschreibung editieren'),(59,27,'description',4,'Modifier la description de la ligne'),(59,28,'description',1,'View all customers'),(59,28,'description',3,'Alle Kunden anzeigen'),(59,28,'description',4,'Voir tous les clients'),(59,29,'description',1,'View customer sub-accounts'),(59,29,'description',3,'Alle Kunden Unterkonten anzeigen'),(59,29,'description',4,'Voir les sous-comptes du client'),(59,30,'description',1,'Create payment'),(59,30,'description',3,'Zahlung erstellen'),(59,30,'description',4,'Créer un paiement'),(59,31,'description',1,'Edit payment'),(59,31,'description',3,'Bezahlung editieren'),(59,31,'description',4,'Modifier le paiement.'),(59,32,'description',1,'Delete payment'),(59,32,'description',3,'Zahlung löschen'),(59,32,'description',4,'Supprimer le paiement'),(59,33,'description',1,'Link payment to invoice'),(59,33,'description',3,'Zahlung mit der Rechnung verbinden'),(59,33,'description',4,'Il associe les paiements aux factures.'),(59,34,'description',1,'View payment details'),(59,34,'description',3,'Zahlungsdetails anzeigen'),(59,34,'description',4,'Voir les détails du paiement'),(59,35,'description',1,'Download payment CSV'),(59,35,'description',3,'Zahlungs CSV herunterladen'),(59,35,'description',4,'Télécharger le CSV des paiements'),(59,36,'description',1,'View all customers'),(59,36,'description',3,'Alle Kunden anzeigen'),(59,36,'description',4,'Voir tous les clients'),(59,37,'description',1,'View customer sub-accounts'),(59,37,'description',3,'Kunden Unterkonten anzeigen'),(59,37,'description',4,'Voir les sous-comptes du client'),(59,40,'description',1,'Create product'),(59,40,'description',3,'Produkt erstellen'),(59,40,'description',4,'Créer un produit'),(59,41,'description',1,'Edit product'),(59,41,'description',3,'Produkt editieren'),(59,41,'description',4,'Modifier le produit'),(59,42,'description',1,'Delete product'),(59,42,'description',3,'Produkt löschen'),(59,42,'description',4,'Supprimer le produit'),(59,43,'description',1,'View product details'),(59,43,'description',3,'Produkt Details anzeigen'),(59,43,'description',4,'Voir les détails du produit'),(59,44,'description',1,'Download Product CSV'),(59,44,'description',3,'Zahlungs CSV anzeigen'),(59,44,'description',4,'Télécharger le CSV des paiements'),(59,50,'description',1,'Create product category'),(59,50,'description',3,'Produktkategorie erstellen'),(59,50,'description',4,'Créer une catégorie de produit'),(59,51,'description',1,'Edit product category'),(59,51,'description',3,'Produktkategorie erstellen'),(59,51,'description',4,'Modifier la catégorie de produit'),(59,52,'description',1,'Delete product category'),(59,52,'description',3,'Produktkategorie löschen'),(59,52,'description',4,'Supprimer la catégorie de produit'),(59,53,'description',4,'Modifier les statuts de la catégorie'),(59,54,'description',4,'Modifier les meta-champs de la catégorie'),(59,60,'description',3,'Plan erstellen'),(59,60,'description',4,'Créer un plan'),(59,61,'description',3,'Plan editieren'),(59,61,'description',4,'Modifier le plan'),(59,62,'description',3,'Plan löschen'),(59,62,'description',4,'Supprimer le plan'),(59,63,'description',3,'Plan details anzeigen'),(59,63,'description',4,'Voir les détails du plan'),(59,70,'description',1,'Delete invoice'),(59,70,'description',3,'Rechnung löschen'),(59,70,'description',4,'Supprimer la facture'),(59,71,'description',1,'Send invoice notification'),(59,71,'description',3,'Rechnungsmitteilung schicken'),(59,71,'description',4,'Envoi d\'une notification pour la facture'),(59,72,'description',1,'View invoice details'),(59,72,'description',3,'Rechnungsdetails anzeigen'),(59,72,'description',4,'Voir les détails de la facture'),(59,73,'description',1,'Download invoice CSV'),(59,73,'description',3,'Rechnungs CSV anzeigen'),(59,73,'description',4,'Télécharger le CSV des factures'),(59,74,'description',1,'View all customers'),(59,74,'description',3,'Alle Kunden anzeigen'),(59,74,'description',4,'Voir tous les clients'),(59,75,'description',1,'View customer sub-accounts'),(59,75,'description',3,'Kundenunterkonten anzeigen'),(59,75,'description',4,'Voir les sous-comptes du client'),(59,80,'description',1,'Approve / Disapprove review'),(59,80,'description',3,'Review Genehmigen/nicht genehmigen'),(59,80,'description',4,'Approuver/Désapprouver l\'examen'),(59,90,'description',1,'Show customer menu'),(59,90,'description',3,'Kundenmenü anzeigen'),(59,90,'description',4,'Afficher le menu Client'),(59,91,'description',1,'Show invoices menu'),(59,91,'description',3,'Rechnungsmenü anzeigen'),(59,91,'description',4,'Afficher le menu Factures'),(59,92,'description',1,'Show order menu'),(59,92,'description',3,'Bestellungsmenü anzeigen'),(59,92,'description',4,'Afficher le menu Commande'),(59,93,'description',1,'Show payments and refunds menu'),(59,93,'description',3,'Show payments and refunds menu'),(59,93,'description',4,'Show payments and refunds menu'),(59,94,'description',1,'Show billing menu'),(59,94,'description',3,'Abrechnungsmenü anzeigen'),(59,94,'description',4,'Afficher le menu Facturation'),(59,95,'description',3,'Vermittlungsmenü anzeigen'),(59,95,'description',4,'Afficher le menu Médiation'),(59,96,'description',1,'Show reports menu'),(59,96,'description',3,'Berichtmenü anzeigen'),(59,96,'description',4,'Afficher le menu Rapports'),(59,97,'description',1,'Show products menu'),(59,97,'description',3,'Produktmenü anzeigen'),(59,97,'description',4,'Afficher le menu Produits'),(59,98,'description',3,'Planmenü anzeigen'),(59,98,'description',4,'Afficher le menu Plans'),(59,99,'description',1,'Show configuration menu'),(59,99,'description',3,'Einstellungsmenü anzeigen'),(59,99,'description',4,'Afficher le menu Configuration'),(59,100,'description',1,'Show agent menu'),(59,100,'description',3,'Agentmenü erstellen'),(59,100,'description',4,'Afficher le menu Agent'),(59,101,'description',1,'Create agent'),(59,101,'description',3,'Agent erstellen'),(59,101,'description',4,'Créer un agent'),(59,102,'description',1,'Edit agent'),(59,102,'description',4,'Modifier l\'agent'),(59,103,'description',1,'Delete agent'),(59,103,'description',4,'Supprimer l\'agent'),(59,104,'description',1,'View agent details'),(59,104,'description',4,'Voir les détails de l\'agent'),(59,110,'description',1,'Switch to sub-account'),(59,110,'description',3,'Zu Unterkonto wechseln'),(59,110,'description',4,'Passer au sous-compte'),(59,111,'description',1,'Switch to any user'),(59,111,'description',3,'Zu anderem Benutzer wechseln'),(59,111,'description',4,'Passer à n\'importe quel utilisateur'),(59,120,'description',1,'Web Service API access'),(59,120,'description',3,'Web Service API Zugriff'),(59,120,'description',4,'Accès l\'API du service web'),(59,121,'description',1,'Edit billing cycle of customer'),(59,121,'description',3,'Abrechnungszeitraum des Kunden editieren'),(59,121,'description',4,'Modifier le cycle de facturation du client'),(59,130,'description',4,'Ajouter un actif'),(59,131,'description',4,'Modifier l\'actif'),(59,132,'description',4,'Supprimer l\'actif'),(59,133,'description',4,'Télécharger le fichier des actifs'),(59,140,'description',4,'Ajouter un code utilisateur'),(59,141,'description',4,'Modifier le code utilisateur'),(59,142,'description',4,'Voir le code utilisateur'),(59,143,'description',4,'Assigner le code utilisateur à l\'entité'),(59,144,'description',4,'Modifier le code utilisateur pour l\'entité'),(59,145,'description',4,'Forçage du mot de passe'),(59,151,'description',4,'Créer une réduction'),(59,152,'description',4,'Supprimer la réduction'),(59,153,'description',4,'Modifier la réduction'),(59,160,'description',4,'Voir mon compte'),(59,161,'description',4,'Modifier le mot de passe'),(59,162,'description',4,'Modifier mon compte'),(59,170,'description',4,'Modifier les requêtes générales'),(59,180,'description',4,'Modifier les modèles de factures'),(59,181,'description',4,'Ajouter des modèles de facture'),(59,182,'description',4,'Liste des modèles de factures'),(59,183,'description',4,'Supprimer des modèles de factures'),(59,900,'description',4,'Afficher le menu Approvisionnement'),(59,901,'description',4,'Afficher le menu Agent'),(59,902,'description',4,'Afficher le menu Réductions'),(60,1,'description',1,'An internal user with all the permissions'),(60,1,'description',2,'Um utilizador interno com todas as permissões'),(60,1,'description',3,'Ein interner Benutzer mit allen Rechten'),(60,1,'description',4,'Un utilisateur interne disposant de toutes les permissions'),(60,1,'title',1,'Internal'),(60,1,'title',2,'Interno'),(60,1,'title',3,'Intern'),(60,1,'title',4,'Interne'),(60,2,'description',1,'The super user of an entity'),(60,2,'description',2,'O super utilizador de uma entidade'),(60,2,'description',3,'Der super User eines Unternehmens'),(60,2,'description',4,'Le super utilisateur d\'une entité'),(60,2,'title',1,'Super user'),(60,2,'title',2,'Super utilizador'),(60,2,'title',3,'Super User'),(60,2,'title',4,'Super utilisateur'),(60,3,'description',1,'A billing clerk'),(60,3,'description',2,'Um operador de facturação'),(60,3,'description',3,'Ein Buchhalter'),(60,3,'description',4,'Un employé chargé de la facturation'),(60,3,'title',1,'Clerk'),(60,3,'title',2,'Operador'),(60,3,'title',3,'Angestellter'),(60,3,'title',4,'Employé'),(60,4,'description',1,'A agent that will bring customers'),(60,4,'description',2,'Um parceiro que vai angariar clientes'),(60,4,'description',3,'Ein Agent der Kunden bringen wird'),(60,4,'description',4,'Un agent qui ramènera des clients'),(60,4,'title',1,'Agent'),(60,4,'title',2,'Parceiro'),(60,4,'title',3,'Agent'),(60,4,'title',4,'Agent'),(60,5,'description',1,'A customer that will query his/her account'),(60,5,'description',2,'Um cliente que vai fazer pesquisas na sua conta'),(60,5,'description',3,'Ein Kunde der sein/ihr Konto abfragen wird'),(60,5,'description',4,'Un client qui cherchera son compte'),(60,5,'title',1,'Customer'),(60,5,'title',2,'Cliente'),(60,5,'title',3,'Kunde'),(60,5,'title',4,'Client'),(60,60,'description',3,'Der Super User eines Unternehmens'),(60,60,'description',4,'Le super utilisateur d\'une entité'),(60,60,'title',3,'Super User'),(60,60,'title',4,'Super utilisateur'),(60,61,'description',3,'ein Buchhalterc'),(60,61,'description',4,'Un employé chargé de la facturation'),(60,61,'title',3,'Angestellter'),(60,61,'title',4,'Employé'),(60,62,'description',3,' Ein Kunde, der sein/ihr Konto abfragen wird'),(60,62,'description',4,'Un client qui cherchera son compte'),(60,62,'title',3,'Kunde'),(60,62,'title',4,'Client'),(60,63,'description',3,'Ein Agent der Kunden bringen wird'),(60,63,'description',4,'Un agent qui ramènera des clients'),(60,63,'title',3,'Agent'),(60,63,'title',4,'Agent'),(60,70,'description',4,'Le super utilisateur d\'une entité'),(60,70,'title',4,'Super utilisateur'),(60,71,'description',4,'Un employé chargé de la facturation'),(60,71,'title',4,'Employé'),(60,72,'description',4,'Un client qui cherchera son compte'),(60,72,'title',4,'Client'),(60,73,'description',4,'Un agent qui ramènera des clients'),(60,73,'title',4,'Agent'),(60,74,'description',4,'Le super utilisateur d\'une entité'),(60,74,'title',4,'Super utilisateur'),(60,75,'description',4,'Un employé chargé de la facturation'),(60,75,'title',4,'Employé'),(60,76,'description',4,'Un client qui cherchera son compte'),(60,76,'title',4,'Client'),(60,77,'description',4,'Un agent qui ramènera des clients'),(60,77,'title',4,'Agent'),(60,78,'description',4,'Le super utilisateur d\'une entité'),(60,78,'title',4,'Super utilisateur'),(60,79,'description',4,'Un employé chargé de la facturation'),(60,79,'title',4,'Employé'),(60,80,'description',4,'Un client qui cherchera son compte'),(60,80,'title',4,'Client'),(60,81,'description',4,'Un agent qui ramènera des clients'),(60,81,'title',4,'Agent'),(60,82,'description',4,'Le super utilisateur d\'une entité'),(60,82,'title',4,'Super utilisateur'),(60,83,'description',4,'Un employé chargé de la facturation'),(60,83,'title',4,'Employé'),(60,84,'description',4,'Un client qui cherchera son compte'),(60,84,'title',4,'Client'),(60,85,'description',4,'Un agent qui ramènera des clients'),(60,85,'title',4,'Agent'),(60,87,'description',4,'Le super utilisateur d\'une entité'),(60,87,'title',4,'Super utilisateur'),(60,88,'description',4,'Un employé chargé de la facturation'),(60,88,'title',4,'Employé'),(60,89,'description',4,'Un client qui cherchera son compte'),(60,89,'title',4,'Client'),(60,90,'description',4,'Un agent qui ramènera des clients'),(60,90,'title',4,'Agent'),(60,91,'description',4,'Le super utilisateur d\'une entité'),(60,91,'title',4,'Super utilisateur'),(60,92,'description',4,'Un employé chargé de la facturation'),(60,92,'title',4,'Employé'),(60,93,'description',4,'Un client qui cherchera son compte'),(60,93,'title',4,'Client'),(60,94,'description',4,'Un agent qui ramènera des clients'),(60,94,'title',4,'Agent'),(60,95,'description',4,'Le super utilisateur d\'une entité'),(60,95,'title',4,'Super utilisateur'),(60,96,'description',4,'Un employé chargé de la facturation'),(60,96,'title',4,'Employé'),(60,97,'description',4,'Un client qui cherchera son compte'),(60,97,'title',4,'Client'),(60,98,'description',4,'Un agent qui ramènera des clients'),(60,98,'title',4,'Agent'),(64,1,'description',1,'Afghanistan'),(64,1,'description',2,'Afganistão'),(64,1,'description',3,'Afghanistan'),(64,1,'description',4,'Afghanistan'),(64,2,'description',1,'Albania'),(64,2,'description',2,'Albânia'),(64,2,'description',3,'Albanien'),(64,2,'description',4,'Albanie'),(64,3,'description',1,'Algeria'),(64,3,'description',2,'Algéria'),(64,3,'description',3,'Algerien'),(64,3,'description',4,'Algérie'),(64,4,'description',1,'American Samoa'),(64,4,'description',2,'Samoa Americana'),(64,4,'description',3,'Amerikanisch-Samoa'),(64,4,'description',4,'Samoa américaines'),(64,5,'description',1,'Andorra'),(64,5,'description',2,'Andorra'),(64,5,'description',3,'Andorra'),(64,5,'description',4,'Andorre'),(64,6,'description',1,'Angola'),(64,6,'description',2,'Angola'),(64,6,'description',3,'Angola'),(64,6,'description',4,'Angola'),(64,7,'description',1,'Anguilla'),(64,7,'description',2,'Anguilha'),(64,7,'description',3,'Anguilla'),(64,7,'description',4,'Anguilla'),(64,8,'description',1,'Antarctica'),(64,8,'description',2,'Antártida'),(64,8,'description',3,'Antarktik'),(64,8,'description',4,'Antarctique'),(64,9,'description',1,'Antigua and Barbuda'),(64,9,'description',2,'Antigua e Barbuda'),(64,9,'description',3,'Antigua und Barbuda'),(64,9,'description',4,'Antigua-et-Barbuda'),(64,10,'description',1,'Argentina'),(64,10,'description',2,'Argentina'),(64,10,'description',3,'Argentinien'),(64,10,'description',4,'Argentine'),(64,11,'description',1,'Armenia'),(64,11,'description',2,'Armênia'),(64,11,'description',3,'Armenien'),(64,11,'description',4,'Arménie'),(64,12,'description',1,'Aruba'),(64,12,'description',2,'Aruba'),(64,12,'description',3,'Aruba'),(64,12,'description',4,'Aruba'),(64,13,'description',1,'Australia'),(64,13,'description',2,'Austrália'),(64,13,'description',3,'Australia'),(64,13,'description',4,'Australie'),(64,14,'description',1,'Austria'),(64,14,'description',2,'Áustria'),(64,14,'description',3,'àsterreich'),(64,14,'description',4,'Autriche'),(64,15,'description',1,'Azerbaijan'),(64,15,'description',2,'Azerbaijão'),(64,15,'description',3,'Azerbaijan'),(64,15,'description',4,'Azerbaïdjan'),(64,16,'description',1,'Bahamas'),(64,16,'description',2,'Bahamas'),(64,16,'description',3,'Bahamas'),(64,16,'description',4,'Bahamas'),(64,17,'description',1,'Bahrain'),(64,17,'description',2,'Bahrain'),(64,17,'description',3,'Bahrain'),(64,17,'description',4,'Bahreïn'),(64,18,'description',1,'Bangladesh'),(64,18,'description',2,'Bangladesh'),(64,18,'description',3,'Bangladesch'),(64,18,'description',4,'Bangladesh'),(64,19,'description',1,'Barbados'),(64,19,'description',2,'Barbados'),(64,19,'description',3,'Barbados'),(64,19,'description',4,'Barbade'),(64,20,'description',1,'Belarus'),(64,20,'description',2,'Belarus'),(64,20,'description',3,'Belarus'),(64,20,'description',4,'Biélorussie'),(64,21,'description',1,'Belgium'),(64,21,'description',2,'Bélgica'),(64,21,'description',3,'Belgien'),(64,21,'description',4,'Belgique'),(64,22,'description',1,'Belize'),(64,22,'description',2,'Belize'),(64,22,'description',3,'Belize'),(64,22,'description',4,'Belize'),(64,23,'description',1,'Benin'),(64,23,'description',2,'Benin'),(64,23,'description',3,'Benin'),(64,23,'description',4,'Benin'),(64,24,'description',1,'Bermuda'),(64,24,'description',2,'Bermuda'),(64,24,'description',3,'Bermudas'),(64,24,'description',4,'Bermudes'),(64,25,'description',1,'Bhutan'),(64,25,'description',2,'Butão'),(64,25,'description',3,'Bhutan'),(64,25,'description',4,'Bhoutan'),(64,26,'description',1,'Bolivia'),(64,26,'description',2,'Bolívia'),(64,26,'description',3,'Bolivien'),(64,26,'description',4,'Bolivie'),(64,27,'description',1,'Bosnia and Herzegovina'),(64,27,'description',2,'Bosnia e Herzegovina'),(64,27,'description',3,'Bosnien und Herzegovina'),(64,27,'description',4,'Bosnie-Herzégovine'),(64,28,'description',1,'Botswana'),(64,28,'description',2,'Botswana'),(64,28,'description',3,'Botswana'),(64,28,'description',4,'Botswana'),(64,29,'description',1,'Bouvet Island'),(64,29,'description',2,'Ilha Bouvet'),(64,29,'description',3,'Bouvet Insel'),(64,29,'description',4,'Île Bouvet'),(64,30,'description',1,'Brazil'),(64,30,'description',2,'Brasil'),(64,30,'description',3,'Brazilien'),(64,30,'description',4,'Brésil'),(64,31,'description',1,'British Indian Ocean Territory'),(64,31,'description',2,'Território Britânico do Oceano Índico'),(64,31,'description',3,'Britisches Territorium im Indischen Ozean'),(64,31,'description',4,'Territoire britannique de l\'Océan Indien'),(64,32,'description',1,'Brunei'),(64,32,'description',2,'Brunei'),(64,32,'description',3,'Brunei'),(64,32,'description',4,'Brunei'),(64,33,'description',1,'Bulgaria'),(64,33,'description',2,'Bulgária'),(64,33,'description',3,'Bulgarien'),(64,33,'description',4,'Bulgarie'),(64,34,'description',1,'Burkina Faso'),(64,34,'description',2,'Burquina Faso'),(64,34,'description',3,'Burkina Faso'),(64,34,'description',4,'Burkina Faso'),(64,35,'description',1,'Burundi'),(64,35,'description',2,'Burundi'),(64,35,'description',3,'Burundi'),(64,35,'description',4,'Burundi'),(64,36,'description',1,'Cambodia'),(64,36,'description',2,'Cambodia'),(64,36,'description',3,'Kambodien'),(64,36,'description',4,'Cambodge'),(64,37,'description',1,'Cameroon'),(64,37,'description',2,'Camarões'),(64,37,'description',3,'Karmun'),(64,37,'description',4,'Cameroun'),(64,38,'description',1,'Canada'),(64,38,'description',2,'Canada'),(64,38,'description',3,'Kanada'),(64,38,'description',4,'Canada'),(64,39,'description',1,'Cape Verde'),(64,39,'description',2,'Cabo Verde'),(64,39,'description',3,'Kap Verde'),(64,39,'description',4,'Cap-Vert'),(64,40,'description',1,'Cayman Islands'),(64,40,'description',2,'Ilhas Caimáo'),(64,40,'description',3,'Kaimaninseln'),(64,40,'description',4,'Îles Caïmans'),(64,41,'description',1,'Central African Republic'),(64,41,'description',2,'República Centro Africana'),(64,41,'description',3,'Zentralfrikanische Republik'),(64,41,'description',4,'République centrafricaine'),(64,42,'description',1,'Chad'),(64,42,'description',2,'Chade'),(64,42,'description',3,'Chad'),(64,42,'description',4,'Tchad'),(64,43,'description',1,'Chile'),(64,43,'description',2,'Chile'),(64,43,'description',3,'Chile'),(64,43,'description',4,'Chili'),(64,44,'description',1,'China'),(64,44,'description',2,'China'),(64,44,'description',3,'China'),(64,44,'description',4,'Chine'),(64,45,'description',1,'Christmas Island'),(64,45,'description',2,'Ilha Natal'),(64,45,'description',3,'Weihnachtsinsel'),(64,45,'description',4,'Île Christmas'),(64,46,'description',1,'Cocos - Keeling Islands'),(64,46,'description',2,'Ilha Cocos e Keeling'),(64,46,'description',3,'Cocos - Keeling Islands'),(64,46,'description',4,'Îles Cocos'),(64,47,'description',1,'Colombia'),(64,47,'description',2,'Colômbia'),(64,47,'description',3,'Kolumbien'),(64,47,'description',4,'Colombie'),(64,48,'description',1,'Comoros'),(64,48,'description',2,'Comoros'),(64,48,'description',3,'Komoren'),(64,48,'description',4,'Comores'),(64,49,'description',1,'Congo'),(64,49,'description',2,'Congo'),(64,49,'description',3,'Kongo'),(64,49,'description',4,'Congo'),(64,50,'description',1,'Cook Islands'),(64,50,'description',2,'Ilhas Cook'),(64,50,'description',3,'Cook Inseln'),(64,50,'description',4,'Îles Cook'),(64,51,'description',1,'Costa Rica'),(64,51,'description',2,'Costa Rica'),(64,51,'description',3,'Costa Rica'),(64,51,'description',4,'Costa Rica'),(64,52,'description',1,'Cote d Ivoire'),(64,52,'description',2,'Costa do Marfim'),(64,52,'description',3,'Cote d Ivoire'),(64,52,'description',4,'Côte d\'Ivoire'),(64,53,'description',1,'Croatia'),(64,53,'description',2,'Croácia'),(64,53,'description',3,'Kroatien'),(64,53,'description',4,'Croatie'),(64,54,'description',1,'Cuba'),(64,54,'description',2,'Cuba'),(64,54,'description',3,'Kuba'),(64,54,'description',4,'Cuba'),(64,55,'description',1,'Cyprus'),(64,55,'description',2,'Chipre'),(64,55,'description',3,'Zypern'),(64,55,'description',4,'Chypre'),(64,56,'description',1,'Czech Republic'),(64,56,'description',2,'República Checa'),(64,56,'description',3,'Tschechische Republik'),(64,56,'description',4,'République Tchèque'),(64,57,'description',1,'Congo - DRC'),(64,57,'description',2,'República Democrática do Congo'),(64,57,'description',3,'Kongo - DRC'),(64,57,'description',4,'Congo - République démocratique du Congo'),(64,58,'description',1,'Denmark'),(64,58,'description',2,'Dinamarca'),(64,58,'description',3,'Dènemarkd'),(64,58,'description',4,'Danemark'),(64,59,'description',1,'Djibouti'),(64,59,'description',2,'Djibouti'),(64,59,'description',3,'Djibouti'),(64,59,'description',4,'Djibouti'),(64,60,'description',1,'Dominica'),(64,60,'description',2,'Dominica'),(64,60,'description',3,'Dominica'),(64,60,'description',4,'Dominique'),(64,61,'description',1,'Dominican Republic'),(64,61,'description',2,'República Dominicana'),(64,61,'description',3,'Dominikanische Republike'),(64,61,'description',4,'République Dominicaine'),(64,62,'description',1,'East Timor'),(64,62,'description',2,'Timor Leste'),(64,62,'description',3,'ost Timor'),(64,62,'description',4,'Timor oriental'),(64,63,'description',1,'Ecuador'),(64,63,'description',2,'Ecuador'),(64,63,'description',3,'Equador'),(64,63,'description',4,'Equateur'),(64,64,'description',1,'Egypt'),(64,64,'description',2,'Egipto'),(64,64,'description',3,'Çgypten'),(64,64,'description',4,'Égypte'),(64,65,'description',1,'El Salvador'),(64,65,'description',2,'El Salvador'),(64,65,'description',3,'El Salvador'),(64,65,'description',4,'El Salvador'),(64,66,'description',1,'Equatorial Guinea'),(64,66,'description',2,'Guiné Equatorial'),(64,66,'description',3,'quatorialguinea'),(64,66,'description',4,'Guinée équatoriale'),(64,67,'description',1,'Eritrea'),(64,67,'description',2,'Eritreia'),(64,67,'description',3,'Eritrea'),(64,67,'description',4,'Érythrée'),(64,68,'description',1,'Estonia'),(64,68,'description',2,'Estônia'),(64,68,'description',3,'Estonien'),(64,68,'description',4,'Estonie'),(64,69,'description',1,'Ethiopia'),(64,69,'description',2,'Etiopia'),(64,69,'description',3,'Ethiopien'),(64,69,'description',4,'Éthiopie'),(64,70,'description',1,'Malvinas Islands'),(64,70,'description',2,'Ilhas Malvinas'),(64,70,'description',3,'Malediven'),(64,70,'description',4,'Îles Malouines'),(64,71,'description',1,'Faroe Islands'),(64,71,'description',2,'Ilhas Faroé'),(64,71,'description',3,'FèrÖr'),(64,71,'description',4,'Îles Féroé'),(64,72,'description',1,'Fiji Islands'),(64,72,'description',2,'Ilhas Fiji'),(64,72,'description',3,'Fiji Inseln'),(64,72,'description',4,'Îles Fidji'),(64,73,'description',1,'Finland'),(64,73,'description',2,'Finlândia'),(64,73,'description',3,'Finland'),(64,73,'description',4,'Finlande'),(64,74,'description',1,'France'),(64,74,'description',2,'França'),(64,74,'description',3,'Frankreich'),(64,74,'description',4,'France'),(64,75,'description',1,'French Guiana'),(64,75,'description',2,'Guiana Francesa'),(64,75,'description',3,'FranzÖsisch-Guayana'),(64,75,'description',4,'Guyane'),(64,76,'description',1,'French Polynesia'),(64,76,'description',2,'Polinésia Francesa'),(64,76,'description',3,'FranzÖsisch Polynesien'),(64,76,'description',4,'Polynésie française'),(64,77,'description',1,'French Southern and Antarctic Lands'),(64,77,'description',2,'Terras Antárticas e do Sul Francesas'),(64,77,'description',3,'FranzÖsische Sƒd- und Antartisgebiete'),(64,77,'description',4,'Terres australes et antarctiques françaises'),(64,78,'description',1,'Gabon'),(64,78,'description',2,'Gabão'),(64,78,'description',3,'Gabon'),(64,78,'description',4,'Gabon'),(64,79,'description',1,'Gambia'),(64,79,'description',2,'Gâmbia'),(64,79,'description',3,'Gambia'),(64,79,'description',4,'Gambie'),(64,80,'description',1,'Georgia'),(64,80,'description',2,'Georgia'),(64,80,'description',3,'Georgien'),(64,80,'description',4,'Géorgie'),(64,81,'description',1,'Germany'),(64,81,'description',2,'Alemanha'),(64,81,'description',3,'Deutschland'),(64,81,'description',4,'Allemagne'),(64,82,'description',1,'Ghana'),(64,82,'description',2,'Gana'),(64,82,'description',3,'Ghana'),(64,82,'description',4,'Ghana'),(64,83,'description',1,'Gibraltar'),(64,83,'description',2,'Gibraltar'),(64,83,'description',3,'Gibraltar'),(64,83,'description',4,'Gibraltar'),(64,84,'description',1,'Greece'),(64,84,'description',2,'Grécia'),(64,84,'description',3,'Griechenland'),(64,84,'description',4,'Grèce'),(64,85,'description',1,'Greenland'),(64,85,'description',2,'Gronelândia'),(64,85,'description',3,'GrÖnland'),(64,85,'description',4,'Groenland'),(64,86,'description',1,'Grenada'),(64,86,'description',2,'Granada'),(64,86,'description',3,'Grenada'),(64,86,'description',4,'Grenade'),(64,87,'description',1,'Guadeloupe'),(64,87,'description',2,'Guadalupe'),(64,87,'description',3,'Guadeloupe'),(64,87,'description',4,'Guadeloupe'),(64,88,'description',1,'Guam'),(64,88,'description',2,'Guantanamo'),(64,88,'description',3,'Guam'),(64,88,'description',4,'Guam'),(64,89,'description',1,'Guatemala'),(64,89,'description',2,'Guatemala'),(64,89,'description',3,'mala'),(64,89,'description',4,'Guatemala'),(64,90,'description',1,'Guinea'),(64,90,'description',2,'Guiné'),(64,90,'description',3,'Guinea'),(64,90,'description',4,'Guinée'),(64,91,'description',1,'Guinea-Bissau'),(64,91,'description',2,'Guiné-Bissau'),(64,91,'description',3,'Guinea-Bissau'),(64,91,'description',4,'Guinée-Bissau'),(64,92,'description',1,'Guyana'),(64,92,'description',2,'Guiana'),(64,92,'description',3,'Guyana'),(64,92,'description',4,'Guyane'),(64,93,'description',1,'Haiti'),(64,93,'description',2,'Haiti'),(64,93,'description',3,'Haiti'),(64,93,'description',4,'Haïti'),(64,94,'description',1,'Heard Island and McDonald Islands'),(64,94,'description',2,'Ilhas Heard e McDonald'),(64,94,'description',3,'Heard Inseln und McDonald Inseln'),(64,94,'description',4,'Îles Heard-et-MacDonald'),(64,95,'description',1,'Honduras'),(64,95,'description',2,'Honduras'),(64,95,'description',3,'Honduras'),(64,95,'description',4,'Honduras'),(64,96,'description',1,'Hong Kong SAR'),(64,96,'description',2,'Hong Kong SAR'),(64,96,'description',3,'Hong Kong SAR'),(64,96,'description',4,'Hong Kong - Région administrative spéciale'),(64,97,'description',1,'Hungary'),(64,97,'description',2,'Hungria'),(64,97,'description',3,'Ungarn'),(64,97,'description',4,'Hongrie'),(64,98,'description',1,'Iceland'),(64,98,'description',2,'Islândia'),(64,98,'description',3,'Island'),(64,98,'description',4,'Islande'),(64,99,'description',1,'India'),(64,99,'description',2,'Índia'),(64,99,'description',3,'Indien'),(64,99,'description',4,'Inde'),(64,100,'description',1,'Indonesia'),(64,100,'description',2,'Indonésia'),(64,100,'description',3,'Indonesien'),(64,100,'description',4,'Indonésie'),(64,101,'description',1,'Iran'),(64,101,'description',2,'Irâo'),(64,101,'description',3,'Iran'),(64,101,'description',4,'Iran'),(64,102,'description',1,'Iraq'),(64,102,'description',2,'Iraque'),(64,102,'description',3,'Irak'),(64,102,'description',4,'Irak'),(64,103,'description',1,'Ireland'),(64,103,'description',2,'Irlanda'),(64,103,'description',3,'Irland'),(64,103,'description',4,'Irlande'),(64,104,'description',1,'Israel'),(64,104,'description',2,'Israel'),(64,104,'description',3,'Israel'),(64,104,'description',4,'Israël'),(64,105,'description',1,'Italy'),(64,105,'description',2,'Itália'),(64,105,'description',3,'Italien'),(64,105,'description',4,'Italie'),(64,106,'description',1,'Jamaica'),(64,106,'description',2,'Jamaica'),(64,106,'description',3,'Jamaica'),(64,106,'description',4,'Jamaïque'),(64,107,'description',1,'Japan'),(64,107,'description',2,'Japão'),(64,107,'description',3,'Japan'),(64,107,'description',4,'Japon'),(64,108,'description',1,'Jordan'),(64,108,'description',2,'Jordânia'),(64,108,'description',3,'Jordan'),(64,108,'description',4,'Jordanie'),(64,109,'description',1,'Kazakhstan'),(64,109,'description',2,'Kazaquistão'),(64,109,'description',3,'Kazakhstan'),(64,109,'description',4,'Kazakhstan'),(64,110,'description',1,'Kenya'),(64,110,'description',2,'Kênia'),(64,110,'description',3,'Kenia'),(64,110,'description',4,'Kenya'),(64,111,'description',1,'Kiribati'),(64,111,'description',2,'Kiribati'),(64,111,'description',3,'Kiribati'),(64,111,'description',4,'Kiribati'),(64,112,'description',1,'Korea'),(64,112,'description',2,'Coreia'),(64,112,'description',3,'Korea'),(64,112,'description',4,'Corée'),(64,113,'description',1,'Kuwait'),(64,113,'description',2,'Kuwait'),(64,113,'description',3,'Kuwait'),(64,113,'description',4,'Koweït'),(64,114,'description',1,'Kyrgyzstan'),(64,114,'description',2,'Kirgistão'),(64,114,'description',3,'Kyrgyzstan'),(64,114,'description',4,'Kirghizistan'),(64,115,'description',1,'Laos'),(64,115,'description',2,'Laos'),(64,115,'description',3,'Laos'),(64,115,'description',4,'Laos'),(64,116,'description',1,'Latvia'),(64,116,'description',2,'Latvia'),(64,116,'description',3,'Latvia'),(64,116,'description',4,'Lettonie'),(64,117,'description',1,'Lebanon'),(64,117,'description',2,'Líbano'),(64,117,'description',3,'Lebanon'),(64,117,'description',4,'Liban'),(64,118,'description',1,'Lesotho'),(64,118,'description',2,'Lesoto'),(64,118,'description',3,'Lesotho'),(64,118,'description',4,'Lesotho'),(64,119,'description',1,'Liberia'),(64,119,'description',2,'Libéria'),(64,119,'description',3,'Liberia'),(64,119,'description',4,'Liberia'),(64,120,'description',1,'Libya'),(64,120,'description',2,'Líbia'),(64,120,'description',3,'Libia'),(64,120,'description',4,'Libye'),(64,121,'description',1,'Liechtenstein'),(64,121,'description',2,'Liechtenstein'),(64,121,'description',3,'Liechtenstein'),(64,121,'description',4,'Liechtenstein'),(64,122,'description',1,'Lithuania'),(64,122,'description',2,'Lituânia'),(64,122,'description',3,'Lithuanien'),(64,122,'description',4,'Lituanie'),(64,123,'description',1,'Luxembourg'),(64,123,'description',2,'Luxemburgo'),(64,123,'description',3,'Luxemburg'),(64,123,'description',4,'Luxembourg'),(64,124,'description',1,'Macao SAR'),(64,124,'description',2,'Macau SAR'),(64,124,'description',3,'Macao SAR'),(64,124,'description',4,'Macao - Région administrative spéciale'),(64,125,'description',1,'Macedonia, Former Yugoslav Republic of'),(64,125,'description',2,'Macedónia, Antiga República Jugoslava da'),(64,125,'description',3,'Mazedonien,ehemalige Jugoslavische Republik'),(64,125,'description',4,'Macédoine, ancienne République yougoslave de'),(64,126,'description',1,'Madagascar'),(64,126,'description',2,'Madagáscar'),(64,126,'description',3,'Madagaskar'),(64,126,'description',4,'Madagascar'),(64,127,'description',1,'Malawi'),(64,127,'description',2,'Malaui'),(64,127,'description',3,'Malawi'),(64,127,'description',4,'Malawi'),(64,128,'description',1,'Malaysia'),(64,128,'description',2,'Malásia'),(64,128,'description',3,'Malaysia'),(64,128,'description',4,'Malaisie'),(64,129,'description',1,'Maldives'),(64,129,'description',2,'Maldivas'),(64,129,'description',3,'Maldiven'),(64,129,'description',4,'Maldives'),(64,130,'description',1,'Mali'),(64,130,'description',2,'Mali'),(64,130,'description',3,'Mali'),(64,130,'description',4,'Mali'),(64,131,'description',1,'Malta'),(64,131,'description',2,'Malta'),(64,131,'description',3,'Malta'),(64,131,'description',4,'Malte'),(64,132,'description',1,'Marshall Islands'),(64,132,'description',2,'Ilhas Marshall'),(64,132,'description',3,'Marshall Inseln'),(64,132,'description',4,'Îles Marshall'),(64,133,'description',1,'Martinique'),(64,133,'description',2,'Martinica'),(64,133,'description',3,'Martinique'),(64,133,'description',4,'Martinique'),(64,134,'description',1,'Mauritania'),(64,134,'description',2,'Mauritânia'),(64,134,'description',3,'Mauritanien'),(64,134,'description',4,'Mauritanie'),(64,135,'description',1,'Mauritius'),(64,135,'description',2,'Maurícias'),(64,135,'description',3,'Mauritius'),(64,135,'description',4,'Maurice'),(64,136,'description',1,'Mayotte'),(64,136,'description',2,'Maiote'),(64,136,'description',3,'Mayotte'),(64,136,'description',4,'Mayotte'),(64,137,'description',1,'Mexico'),(64,137,'description',2,'México'),(64,137,'description',3,'Mexiko'),(64,137,'description',4,'Mexique'),(64,138,'description',1,'Micronesia'),(64,138,'description',2,'Micronésia'),(64,138,'description',3,'Mikronesien'),(64,138,'description',4,'Micronésie'),(64,139,'description',1,'Moldova'),(64,139,'description',2,'Moldova'),(64,139,'description',3,'Moldawien'),(64,139,'description',4,'Moldavie'),(64,140,'description',1,'Monaco'),(64,140,'description',2,'Mônaco'),(64,140,'description',3,'Monaco'),(64,140,'description',4,'Monaco'),(64,141,'description',1,'Mongolia'),(64,141,'description',2,'Mongólia'),(64,141,'description',3,'Mongolien'),(64,141,'description',4,'Mongolie'),(64,142,'description',1,'Montserrat'),(64,142,'description',2,'Monserrate'),(64,142,'description',3,'Montserrat'),(64,142,'description',4,'Montserrat'),(64,143,'description',1,'Morocco'),(64,143,'description',2,'Marrocos'),(64,143,'description',3,'Marokko'),(64,143,'description',4,'Maroc'),(64,144,'description',1,'Mozambique'),(64,144,'description',2,'Moçambique'),(64,144,'description',3,'Mozambique'),(64,144,'description',4,'Mozambique'),(64,145,'description',1,'Myanmar'),(64,145,'description',2,'Mianmar'),(64,145,'description',3,'Myanmar'),(64,145,'description',4,'Myanmar'),(64,146,'description',1,'Namibia'),(64,146,'description',2,'Namíbia'),(64,146,'description',3,'Namibien'),(64,146,'description',4,'Namibie'),(64,147,'description',1,'Nauru'),(64,147,'description',2,'Nauru'),(64,147,'description',3,'Nauru'),(64,147,'description',4,'Nauru'),(64,148,'description',1,'Nepal'),(64,148,'description',2,'Nepal'),(64,148,'description',3,'Nepal'),(64,148,'description',4,'Népal'),(64,149,'description',1,'Netherlands'),(64,149,'description',2,'Holanda'),(64,149,'description',3,'Holland'),(64,149,'description',4,'Pays-Bas'),(64,150,'description',1,'Netherlands Antilles'),(64,150,'description',2,'Antilhas Holandesas'),(64,150,'description',3,'Niederlèndische Antillen'),(64,150,'description',4,'Antilles néerlandaises'),(64,151,'description',1,'New Caledonia'),(64,151,'description',2,'Nova Caledônia'),(64,151,'description',3,'Neukaledonien'),(64,151,'description',4,'Nouvelle-Calédonie'),(64,152,'description',1,'New Zealand'),(64,152,'description',2,'Nova Zelândia'),(64,152,'description',3,'Neuseeland'),(64,152,'description',4,'Nouvelle-Zélande'),(64,153,'description',1,'Nicaragua'),(64,153,'description',2,'Nicarágua'),(64,153,'description',3,'Nicaragua'),(64,153,'description',4,'Nicaragua'),(64,154,'description',1,'Niger'),(64,154,'description',2,'Niger'),(64,154,'description',3,'Niger'),(64,154,'description',4,'Niger'),(64,155,'description',1,'Nigeria'),(64,155,'description',2,'Nigéria'),(64,155,'description',3,'Nigeria'),(64,155,'description',4,'Nigéria'),(64,156,'description',1,'Niue'),(64,156,'description',2,'Niue'),(64,156,'description',3,'Niue'),(64,156,'description',4,'Niue'),(64,157,'description',1,'Norfolk Island'),(64,157,'description',2,'Ilhas Norfolk'),(64,157,'description',3,'Norfolk Island'),(64,157,'description',4,'Île Norfolk'),(64,158,'description',1,'North Korea'),(64,158,'description',2,'Coreia do Norte'),(64,158,'description',3,'Nord Korea'),(64,158,'description',4,'Corée du Nord'),(64,159,'description',1,'Northern Mariana Islands'),(64,159,'description',2,'Ilhas Mariana do Norte'),(64,159,'description',3,'NÖrdliche Mariana Islands'),(64,159,'description',4,'Îles Mariannes du Nord'),(64,160,'description',1,'Norway'),(64,160,'description',2,'Noruega'),(64,160,'description',3,'Norwegen'),(64,160,'description',4,'Norvège'),(64,161,'description',1,'Oman'),(64,161,'description',2,'Oman'),(64,161,'description',3,'Oman'),(64,161,'description',4,'Oman'),(64,162,'description',1,'Pakistan'),(64,162,'description',2,'Pakistão'),(64,162,'description',3,'Pakistan'),(64,162,'description',4,'Pakistan'),(64,163,'description',1,'Palau'),(64,163,'description',2,'Palau'),(64,163,'description',3,'Palau'),(64,163,'description',4,'Palaos'),(64,164,'description',1,'Panama'),(64,164,'description',2,'Panama'),(64,164,'description',3,'Panama'),(64,164,'description',4,'Panama'),(64,165,'description',1,'Papua New Guinea'),(64,165,'description',2,'Papua Nova Guiné'),(64,165,'description',3,'Papua Neu Guinea'),(64,165,'description',4,'Papouasie-Nouvelle-Guinée'),(64,166,'description',1,'Paraguay'),(64,166,'description',2,'Paraguai'),(64,166,'description',3,'Paraguay'),(64,166,'description',4,'Paraguay'),(64,167,'description',1,'Peru'),(64,167,'description',2,'Perú'),(64,167,'description',3,'Peru'),(64,167,'description',4,'Pérou'),(64,168,'description',1,'Philippines'),(64,168,'description',2,'Filipinas'),(64,168,'description',3,'Philippien'),(64,168,'description',4,'Philippines'),(64,169,'description',1,'Pitcairn Islands'),(64,169,'description',2,'Ilhas Pitcairn'),(64,169,'description',3,'Pitcairn Islands'),(64,169,'description',4,'Îles Pitcairn'),(64,170,'description',1,'Poland'),(64,170,'description',2,'Polônia'),(64,170,'description',3,'Polen'),(64,170,'description',4,'Pologne'),(64,171,'description',1,'Portugal'),(64,171,'description',2,'Portugal'),(64,171,'description',3,'Portugal'),(64,171,'description',4,'Portugal'),(64,172,'description',1,'Puerto Rico'),(64,172,'description',2,'Porto Rico'),(64,172,'description',3,'Puerto Rico'),(64,172,'description',4,'Porto Rico'),(64,173,'description',1,'Qatar'),(64,173,'description',2,'Qatar'),(64,173,'description',3,'Qatar'),(64,173,'description',4,'Qatar'),(64,174,'description',1,'Reunion'),(64,174,'description',2,'Reunião'),(64,174,'description',3,'Reunion'),(64,174,'description',4,'Réunion'),(64,175,'description',1,'Romania'),(64,175,'description',2,'Romênia'),(64,175,'description',3,'Romènien'),(64,175,'description',4,'Roumanie'),(64,176,'description',1,'Russia'),(64,176,'description',2,'Rússia'),(64,176,'description',3,'Russland'),(64,176,'description',4,'Russie'),(64,177,'description',1,'Rwanda'),(64,177,'description',2,'Rwanda'),(64,177,'description',3,'Rwanda'),(64,177,'description',4,'Rwanda'),(64,178,'description',1,'Samoa'),(64,178,'description',2,'Samoa'),(64,178,'description',3,'Samoa'),(64,178,'description',4,'Samoa'),(64,179,'description',1,'San Marino'),(64,179,'description',2,'São Marino'),(64,179,'description',3,'San Marino'),(64,179,'description',4,'San Marin'),(64,180,'description',1,'Sao Tome and Principe'),(64,180,'description',2,'São Tomé e Princepe'),(64,180,'description',3,'Sao Tome und Principe'),(64,180,'description',4,'Sao Tomé-et-Principe'),(64,181,'description',1,'Saudi Arabia'),(64,181,'description',2,'Arábia Saudita'),(64,181,'description',3,'Saudi Arabien'),(64,181,'description',4,'Arabie Saoudite'),(64,182,'description',1,'Senegal'),(64,182,'description',2,'Senegal'),(64,182,'description',3,'Senegal'),(64,182,'description',4,'Sénégal'),(64,183,'description',1,'Serbia and Montenegro'),(64,183,'description',2,'Sérvia e Montenegro'),(64,183,'description',3,'Serben und Montenegro'),(64,183,'description',4,'Serbie-et-Monténégro'),(64,184,'description',1,'Seychelles'),(64,184,'description',2,'Seychelles'),(64,184,'description',3,'Seychellen'),(64,184,'description',4,'Seychelles'),(64,185,'description',1,'Sierra Leone'),(64,185,'description',2,'Serra Leoa'),(64,185,'description',3,'Sierra Leone'),(64,185,'description',4,'Sierra Leone'),(64,186,'description',1,'Singapore'),(64,186,'description',2,'Singapure'),(64,186,'description',3,'Singapur'),(64,186,'description',4,'Singapour'),(64,187,'description',1,'Slovakia'),(64,187,'description',2,'Eslováquia'),(64,187,'description',3,'Slovakien'),(64,187,'description',4,'Slovaquie'),(64,188,'description',1,'Slovenia'),(64,188,'description',2,'Eslovenia'),(64,188,'description',3,'Slovenien'),(64,188,'description',4,'Slovénie'),(64,189,'description',1,'Solomon Islands'),(64,189,'description',2,'Ilhas Salomão'),(64,189,'description',3,'Solomon Islands'),(64,189,'description',4,'Îles Salomon'),(64,190,'description',1,'Somalia'),(64,190,'description',2,'Somália'),(64,190,'description',3,'Somalien'),(64,190,'description',4,'Somalie'),(64,191,'description',1,'South Africa'),(64,191,'description',2,'África do Sul'),(64,191,'description',3,'Sƒdafrika'),(64,191,'description',4,'Afrique du Sud'),(64,192,'description',1,'South Georgia and the South Sandwich Islands'),(64,192,'description',2,'Georgia do Sul e Ilhas Sandwich South'),(64,192,'description',3,'Sƒdgeorgien und sƒdliche Sandwichinseln'),(64,192,'description',4,'Géorgie du Sud-et-les Îles Sandwich du Sud'),(64,193,'description',1,'Spain'),(64,193,'description',2,'Espanha'),(64,193,'description',3,'Spanien'),(64,193,'description',4,'Espagne'),(64,194,'description',1,'Sri Lanka'),(64,194,'description',2,'Sri Lanka'),(64,194,'description',3,'Sri Lanka'),(64,194,'description',4,'Sri Lanka'),(64,195,'description',1,'St. Helena'),(64,195,'description',2,'Sta. Helena'),(64,195,'description',3,'St. Helena'),(64,195,'description',4,'Sainte- Hélène'),(64,196,'description',1,'St. Kitts and Nevis'),(64,196,'description',2,'Sta. Kitts e Nevis'),(64,196,'description',3,'St. Kitts und Nevis'),(64,196,'description',4,'Saint- Christophe-et-Niévès'),(64,197,'description',1,'St. Lucia'),(64,197,'description',2,'Sta. Lucia'),(64,197,'description',3,'St. Lucia'),(64,197,'description',4,'Saint- Lucie'),(64,198,'description',1,'St. Pierre and Miquelon'),(64,198,'description',2,'Sta. Pierre e Miquelon'),(64,198,'description',3,'St. Pierre und Miquelon'),(64,198,'description',4,'Saint- Pierre-et-Miquelon'),(64,199,'description',1,'St. Vincent and the Grenadines'),(64,199,'description',2,'Sto. Vicente e Grenadines'),(64,199,'description',3,'St. Vincent and the Grenadines'),(64,199,'description',4,'Saint- Vincent-et-les-Grenadines'),(64,200,'description',1,'Sudan'),(64,200,'description',2,'Sudão'),(64,200,'description',3,'Sudan'),(64,200,'description',4,'Soudan'),(64,201,'description',1,'Suriname'),(64,201,'description',2,'Suriname'),(64,201,'description',3,'Suriname'),(64,201,'description',4,'Suriname'),(64,202,'description',1,'Svalbard and Jan Mayen'),(64,202,'description',2,'Svalbard e Jan Mayen'),(64,202,'description',3,'Svalbard und Jan Mayen'),(64,202,'description',4,'Svalbard et Jan Mayen'),(64,203,'description',1,'Swaziland'),(64,203,'description',2,'Suazilândia'),(64,203,'description',3,'Swaziland'),(64,203,'description',4,'Swaziland'),(64,204,'description',1,'Sweden'),(64,204,'description',2,'Suécia'),(64,204,'description',3,'Schweden'),(64,204,'description',4,'Suède'),(64,205,'description',1,'Switzerland'),(64,205,'description',2,'Suíça'),(64,205,'description',3,'Schweiz'),(64,205,'description',4,'Suisse'),(64,206,'description',1,'Syria'),(64,206,'description',2,'Síria'),(64,206,'description',3,'Syrien'),(64,206,'description',4,'Syrie'),(64,207,'description',1,'Taiwan'),(64,207,'description',2,'Taiwan'),(64,207,'description',3,'Taiwan'),(64,207,'description',4,'Taïwan'),(64,208,'description',1,'Tajikistan'),(64,208,'description',2,'Tajikistão'),(64,208,'description',3,'Tajikistan'),(64,208,'description',4,'Tadjikistan'),(64,209,'description',1,'Tanzania'),(64,209,'description',2,'Tanzânia'),(64,209,'description',3,'Tanzania'),(64,209,'description',4,'Tanzanie'),(64,210,'description',1,'Thailand'),(64,210,'description',2,'Tailândia'),(64,210,'description',3,'Thailand'),(64,210,'description',4,'Thaïlande'),(64,211,'description',1,'Togo'),(64,211,'description',2,'Togo'),(64,211,'description',3,'Togo'),(64,211,'description',4,'Togo'),(64,212,'description',1,'Tokelau'),(64,212,'description',2,'Tokelau'),(64,212,'description',3,'Tokelau'),(64,212,'description',4,'Tokelau'),(64,213,'description',1,'Tonga'),(64,213,'description',2,'Tonga'),(64,213,'description',3,'Tonga'),(64,213,'description',4,'Tonga'),(64,214,'description',1,'Trinidad and Tobago'),(64,214,'description',2,'Trinidade e Tobago'),(64,214,'description',3,'Trinidad und Tobago'),(64,214,'description',4,'Trinité-et-Tobago'),(64,215,'description',1,'Tunisia'),(64,215,'description',2,'Tunísia'),(64,215,'description',3,'Tunesien'),(64,215,'description',4,'Tunisie'),(64,216,'description',1,'Turkey'),(64,216,'description',2,'Turquia'),(64,216,'description',3,'Turkei'),(64,216,'description',4,'Turquie'),(64,217,'description',1,'Turkmenistan'),(64,217,'description',2,'Turkmenistão'),(64,217,'description',3,'Turkmenistan'),(64,217,'description',4,'Turkménistan'),(64,218,'description',1,'Turks and Caicos Islands'),(64,218,'description',2,'Ilhas Turks e Caicos'),(64,218,'description',3,'Turks und Caicos Islands'),(64,218,'description',4,'Îles Turques-et-Caïques'),(64,219,'description',1,'Tuvalu'),(64,219,'description',2,'Tuvalu'),(64,219,'description',3,'Tuvalu'),(64,219,'description',4,'Tuvalu'),(64,220,'description',1,'Uganda'),(64,220,'description',2,'Uganda'),(64,220,'description',3,'Uganda'),(64,220,'description',4,'Ouganda'),(64,221,'description',1,'Ukraine'),(64,221,'description',2,'Ucrânia'),(64,221,'description',3,'Ukraine'),(64,221,'description',4,'Ukraine'),(64,222,'description',1,'United Arab Emirates'),(64,222,'description',2,'Emiados Árabes Unidos'),(64,222,'description',3,'Vereinigte Arabische Emirate'),(64,222,'description',4,'Émirats Arabes Unis'),(64,223,'description',1,'United Kingdom'),(64,223,'description',2,'Reino Unido'),(64,223,'description',3,'Vereinigtes KÖnigreich'),(64,223,'description',4,'Royaume-Uni'),(64,224,'description',1,'United States'),(64,224,'description',2,'Estados Unidos'),(64,224,'description',3,'Vereinigte Staaten'),(64,224,'description',4,'États-Unis'),(64,225,'description',1,'United States Minor Outlying Islands'),(64,225,'description',2,'Estados Unidos e Ilhas Menores Circundantes'),(64,225,'description',3,'Amerikanisch Ozeanien'),(64,225,'description',4,'Îles mineures éloignées des États-Unis'),(64,226,'description',1,'Uruguay'),(64,226,'description',2,'Uruguai'),(64,226,'description',3,'Uruguay'),(64,226,'description',4,'Uruguay'),(64,227,'description',1,'Uzbekistan'),(64,227,'description',2,'Uzbekistão'),(64,227,'description',3,'Uzbekistan'),(64,227,'description',4,'Ouzbékistan'),(64,228,'description',1,'Vanuatu'),(64,228,'description',2,'Vanuatu'),(64,228,'description',3,'Vanuatu'),(64,228,'description',4,'Vanuatu'),(64,229,'description',1,'Vatican City'),(64,229,'description',2,'Cidade do Vaticano'),(64,229,'description',3,'Vatikanstadt'),(64,229,'description',4,'Cité du Vatican'),(64,230,'description',1,'Venezuela'),(64,230,'description',2,'Venezuela'),(64,230,'description',3,'Venezuela'),(64,230,'description',4,'Venezuela'),(64,231,'description',1,'Viet Nam'),(64,231,'description',2,'Vietname'),(64,231,'description',3,'Vietnam'),(64,231,'description',4,'Vietnam'),(64,232,'description',1,'Virgin Islands - British'),(64,232,'description',2,'Ilhas Virgens Britânicas'),(64,232,'description',3,'Britische Junferninseln'),(64,232,'description',4,'Îles Vierges britanniques'),(64,233,'description',1,'Virgin Islands'),(64,233,'description',2,'Ilhas Virgens'),(64,233,'description',3,'Jungferninseln'),(64,233,'description',4,'Îles Vierges'),(64,234,'description',1,'Wallis and Futuna'),(64,234,'description',2,'Wallis and Futuna'),(64,234,'description',3,'Wallis und Futuna'),(64,234,'description',4,'Wallis-et-Futuna'),(64,235,'description',1,'Yemen'),(64,235,'description',2,'Yemen'),(64,235,'description',3,'Yemen'),(64,235,'description',4,'Yémen'),(64,236,'description',1,'Zambia'),(64,236,'description',2,'Zâmbia'),(64,236,'description',3,'Zambia'),(64,236,'description',4,'Zambie'),(64,237,'description',1,'Zimbabwe'),(64,237,'description',2,'Zimbabwe'),(64,237,'description',3,'Zimbabwe'),(64,237,'description',4,'Zimbabwe'),(81,1,'description',1,'Active'),(81,1,'description',3,'Aktiv'),(81,1,'description',4,'Actif'),(81,2,'description',1,'Pending Unsubscription'),(81,2,'description',3,'Anstehende Kƒndigung'),(81,2,'description',4,'Désabonnement imminent'),(81,3,'description',1,'Unsubscribed'),(81,3,'description',3,'Gekƒndigt'),(81,3,'description',4,'Désabonné'),(81,4,'description',1,'Pending Expiration'),(81,4,'description',3,'Anstehender Verfall'),(81,4,'description',4,'Expiration imminente'),(81,5,'description',1,'Expired'),(81,5,'description',3,'verfallen'),(81,5,'description',4,'Expiré'),(81,6,'description',1,'Nonsubscriber'),(81,6,'description',3,'Nichtabonnentend'),(81,6,'description',4,'Non-abonné'),(81,7,'description',1,'Discontinued'),(81,7,'description',3,'Eingestellt'),(81,7,'description',4,'Interrompu'),(88,1,'description',1,'Active'),(88,1,'description',3,'Aktiv'),(88,1,'description',4,'Actif'),(88,2,'description',1,'Inactive'),(88,2,'description',3,'Inaktiv'),(88,2,'description',4,'Inactif'),(88,3,'description',1,'Pending Active'),(88,3,'description',3,'ausstehend aktiv'),(88,3,'description',4,'En attente d\'être actif'),(88,4,'description',1,'Pending Inactive'),(88,4,'description',3,'ausstehend inaktiv'),(88,4,'description',4,'En attente d\'être inactif'),(88,5,'description',1,'Failed'),(88,5,'description',3,'Fehlgeschlagen'),(88,5,'description',4,'Échec'),(88,6,'description',1,'Unavailable'),(88,6,'description',3,'nicht verfƒgbar'),(88,6,'description',4,'Indisponible'),(89,1,'description',1,'None'),(89,2,'description',1,'Pre-paid balance'),(89,3,'description',1,'Credit limit'),(90,1,'description',1,'Paid'),(90,1,'description',3,'Bezahlt'),(90,1,'description',4,'Payée'),(90,2,'description',1,'Unpaid'),(90,2,'description',3,'Unbezahlt'),(90,2,'description',4,'Impayée'),(90,3,'description',1,'Carried'),(90,3,'description',3,'Übertragen'),(90,3,'description',4,'Reportée'),(91,1,'description',1,'Done and billable'),(91,1,'description',3,'Fertig und abrechenbar'),(91,1,'description',4,'Terminée et facturable'),(91,2,'description',1,'Done and not billable'),(91,2,'description',3,'Fertig und nicht abrechenbar'),(91,2,'description',4,'Terminée et non facturable'),(91,3,'description',1,'Error detected'),(91,3,'description',3,'Fehler gefunden'),(91,3,'description',4,'Erreur détectée'),(91,4,'description',1,'Error declared'),(91,4,'description',3,'Fehler gemeldet'),(91,4,'description',4,'Erreur déclarée'),(92,1,'description',1,'Running'),(92,1,'description',3,'Laufend'),(92,1,'description',4,'En cours d\'exécution'),(92,2,'description',1,'Finished: successful'),(92,2,'description',3,'Fertig: Erfolgreich'),(92,2,'description',4,'Terminée : succès'),(92,3,'description',1,'Finished: failed'),(92,3,'description',3,'Fertig: Fehlgeschlagen'),(92,3,'description',4,'Terminée : échec'),(100,1,'description',1,'Total amount invoiced grouped by period.'),(100,1,'description',3,'Gesamtsumme berechnet, in Zeiträume gruppiert.'),(100,1,'description',4,'Montant total facturé regroupé par période'),(100,2,'description',1,'Detailed balance ageing report. Shows the age of outstanding customer balances.'),(100,2,'description',3,'Detaillierter Balance Datierungsbericht. Zeigt die Datierung der hervorragenden Kundenguthaben.'),(100,2,'description',4,'Rapport détaillé sur l\'avancement des phases du solde. Affiche la phase d\'avancement des soldes débiteurs de clients.'),(100,3,'description',1,'Number of users subscribed to a specific product.'),(100,3,'description',3,'Anzahl der Benutzer die ein spezifisches Produkt abonniert haben'),(100,3,'description',4,'Nombre d\'utilisateurs abonnés à un produit spécifique.'),(100,4,'description',1,'Total payment amount received grouped by period.'),(100,4,'description',3,'Gesamtbezahlungen gruppiert bei Zeiträumen.'),(100,4,'description',4,'Montant total des paiements reçus regroupés par période'),(100,5,'description',1,'Number of customers created within a period.'),(100,5,'description',3,'Anzahl der Kunden die in diesem Zeitraum erstellt wurden Number'),(100,5,'description',4,'Nombre de clients créés au sein d\'une période.'),(100,6,'description',1,'Total revenue (sum of received payments) per customer.'),(100,6,'description',3,'Gesamteinnahmen (Summe der erhaltenen Bezahlunge) pro Kunde.'),(100,6,'description',4,'Total des revenus (somme des paiements reçus) par client.'),(100,7,'description',1,'Simple accounts receivable report showing current account balances.'),(100,7,'description',3,'Einfacher Forderungesbericht der Leistungsbilanzen anzeigt.'),(100,7,'description',4,'Simple rapport sur les comptes clients montrant les soldes actuels des comptes.'),(100,8,'description',1,'General ledger details of all invoiced charges for the given day.'),(100,8,'description',3,'Hauptbuch Details aller in Rechnung gestellten Gebühren für den angegebenen Tag.'),(100,8,'description',4,'Détails du grand compte de tous les frais facturés pour le jour donné.'),(100,9,'description',1,'General ledger summary of all invoiced charges for the given day, grouped by item type.'),(100,9,'description',3,'Hauptbuch Zusammenfassung aller in Rechnung gestellten Gebühren für den bestimmten Tag, in Elementtypen gruppiert.'),(100,9,'description',4,'Synthèse du grand compte de tous les frais facturés pour le jour donné, groupés par type d\'article.'),(100,10,'description',4,'Historique des tarifs du plan pour tous les produits et les dates de début du plan.'),(100,11,'description',1,'Total invoiced per customer grouped by product category.'),(100,11,'description',3,'Gesamtrechnungen pro Kunde nach Produktkategorien gruppiert.'),(100,11,'description',4,'Totaux facturés par client regroupés par catégorie de produit.'),(100,12,'description',1,'Total invoiced per customer over years grouped by year.'),(100,12,'description',3,'Gesamtrechnungen pro Kunde über die Jahre, in Jahre gruppiert.'),(100,12,'description',4,'Total facturé par client au fil des ans avec regroupement par année.'),(100,13,'description',1,'Statement of User Activity within specified number of days'),(100,13,'description',4,'Relevé de l\'activité de l\'utilisateur pendant un nombre de jours spécifié'),(101,1,'description',1,'Invoice Reports'),(101,1,'description',3,'Rechnungsberichte'),(101,1,'description',4,'Rapports relatifs aux factures'),(101,2,'description',1,'Order Reports'),(101,2,'description',3,'Bestellungsberichte'),(101,2,'description',4,'Rapports relatifs aux commandes'),(101,3,'description',1,'Payment Reports'),(101,3,'description',3,'Zahlungsberichte'),(101,3,'description',4,'Rapports relatifs aux paiements'),(101,4,'description',1,'Customer Reports'),(101,4,'description',3,'Kundenberichte'),(101,4,'description',4,'Rapports relatifs aux clients'),(101,5,'description',4,'Rapports sur les plans'),(104,1,'description',1,'Invoices'),(104,1,'description',3,'Rechnungen'),(104,1,'description',4,'Factures.'),(104,2,'description',1,'Orders'),(104,2,'description',3,'Bestellungen'),(104,2,'description',4,'Commandes.'),(104,3,'description',1,'Payments'),(104,3,'description',3,'Bezahlungen'),(104,3,'description',4,'Paiements.'),(104,4,'description',1,'Users'),(104,4,'description',3,'Benutzer'),(104,4,'description',4,'Utilisateurs.'),(104,5,'description',1,'Custom Notifications'),(104,5,'description',4,'Notifications personnalisées'),(108,1,'description',1,'Member Of Group'),(114,1,'errorMessage',1,'Failed login attempts can not be more than 6'),(114,2,'errorMessage',1,'Passwords must expire before 90 days'),(114,3,'errorMessage',1,'Inactive account checks must be done quicker than 90 days'),(114,4,'errorMessage',1,'Reservation duration should be between 0 and 600000'),(114,10,'errorMessage',3,'Bezahlungskartennummer ist nicht mehr gƒltig'),(114,10,'errorMessage',4,'Le numéro de carte de paiement est invalide'),(114,11,'errorMessage',3,'Auslaufsdatum sollte im Format MM/jjjj sein'),(114,11,'errorMessage',4,'La date d\'expiration doit être au format mm/aaaa'),(114,12,'errorMessage',3,'ABA Routing oder Bank Kontonummer kann nur Zahlen sein'),(114,12,'errorMessage',4,'Le numéro de routage ABA ou le numéro de compte bancaire ne peut contenir que des chiffres'),(114,20,'errorMessage',4,'Le numéro de carte de paiement est invalide'),(114,21,'errorMessage',4,'La date d\'expiration doit être au format mm/aaaa'),(114,22,'errorMessage',4,'Le numéro de routage ABA ou le numéro de compte bancaire ne peut contenir que des chiffres'),(114,23,'errorMessage',4,'Le numéro de carte de paiement est invalide'),(114,24,'errorMessage',4,'La date d\'expiration doit être au format mm/aaaa'),(114,25,'errorMessage',4,'Le numéro de routage ABA ou le numéro de compte bancaire ne peut contenir que des chiffres'),(114,26,'errorMessage',4,'Le numéro de carte de paiement est invalide'),(114,27,'errorMessage',4,'La date d\'expiration doit être au format mm/aaaa'),(114,28,'errorMessage',4,'Le numéro de routage ABA ou le numéro de compte bancaire ne peut contenir que des chiffres'),(114,29,'errorMessage',4,'Le numéro de carte de paiement est invalide'),(114,30,'errorMessage',4,'La date d\'expiration doit être au format mm/aaaa'),(114,31,'errorMessage',4,'Le numéro de routage ABA ou le numéro de compte bancaire ne peut contenir que des chiffres'),(114,32,'errorMessage',4,'Le numéro de carte de paiement est invalide'),(114,33,'errorMessage',4,'La date d\'expiration doit être au format mm/aaaa'),(114,34,'errorMessage',4,'Le numéro de routage ABA ou le numéro de compte bancaire ne peut contenir que des chiffres'),(114,35,'errorMessage',4,'Le numéro de carte de paiement est invalide'),(114,36,'errorMessage',4,'La date d\'expiration doit être au format mm/aaaa'),(114,37,'errorMessage',4,'Le numéro de routage ABA ou le numéro de compte bancaire ne peut contenir que des chiffres'),(114,38,'errorMessage',4,'Le numéro de carte de paiement est invalide'),(114,39,'errorMessage',4,'La date d\'expiration doit être au format mm/aaaa'),(114,40,'errorMessage',4,'Le numéro de routage ABA ou le numéro de compte bancaire ne peut contenir que des chiffres'),(114,41,'errorMessage',4,'Le numéro de carte de paiement est invalide'),(114,42,'errorMessage',4,'La date d\'expiration doit être au format mm/aaaa'),(115,1,'description',1,'PENDING'),(115,2,'description',1,'APPLY ERROR'),(120,1,'description',1,'New'),(120,2,'description',1,'Assigned'),(120,3,'description',1,'Quarantined'),(120,4,'description',1,'Released');
INSERT INTO `invoice_delivery_method` VALUES (1),(2),(3);
INSERT INTO `invoice_line_type` VALUES (1,'item recurring',2),(2,'tax',6),(3,'due invoice',1),(4,'interests',4),(5,'sub account',5),(6,'item one-time',3);
INSERT INTO `jbilling_seqs` VALUES ('permission_type',1),('account_type',1),('ach',1),('ageing_entity_step',1),('asset',1),('asset_assignment',1),('asset_status',1),('asset_transition',0),('balance_type',0),('base_user',1),('billing_process',1),('billing_process_configuration',1),('blacklist',1),('breadcrumb',0),('contact',1),('contact_field',1),('contact_field_type',10),('contact_map',6780),('contact_type',2),('country',238),('credit_card',1),('currency',11),('currency_entity_map',10),('currency_exchange',25),('customer',1),('customer_notes',1),('permission',2),('data_table_query',1),('data_table_query_entry',1),('discount',2),('discount_attribute',0),('discount_line',1),('entity',1),('entity_delivery_method_map',4),('entity_payment_method_map',26),('enumeration',1),('enumeration_values',1),('event_log',1),('event_log_message',17),('event_log_module',10),('filter',0),('filter_set',0),('generic_status',38),('invoice',1),('invoice_delivery_method',4),('invoice_line',1),('invoice_line_type',6),('item',1),('item_dependency',1),('item_price',1),('item_type',1),('language',2),('matching_field',1),('meta_field_group',1),('notification_category',2),('notification_message',1),('notification_message_arch',1),('notification_message_arch_line',1),('notification_message_line',1),('notification_message_section',1),('notification_message_type',27),('order_billing_type',3),('order_change',1),('order_change_status',3),('order_change_type',2),('order_line',1),('order_line_type',4),('order_period',2),('order_process',1),('order_status',5),('paper_invoice_batch',1),('partner',1),('partner_payout',1),('partner_range',1),('payment',2),('payment_authorization',1),('payment_information',1),('payment_info_cheque',1),('payment_instrument_info',1),('payment_invoice',1),('payment_method',9),('payment_method_template',1),('payment_method_type',1),('payment_result',5),('period_unit',5),('pluggable_task',1),('pluggable_task_parameter',1),('pluggable_task_type',126),('pluggable_task_type_category',22),('preference',1),('preference_type',37),('price_model_attribute',0),('process_run',1),('process_run_total',1),('process_run_total_pm',1),('promotion',1),('permission_user',10),('purchase_order',1),('rating_unit',1),('recent_item',0),('report',0),('report_parameter',0),('report_type',0),('role',6),('route',1),('shortcut',0),('subscriber_status',7),('sure_tax_txn_log_seq',2),('user_code',1),('user_code_link',1),('user_credit_card_map',5),('user_role_map',13),('user_status',9),('validation_rule',1),
('mediation_cfg', 100),
('mediation_process', 100),
('mediation_record', 100),
('mediation_record_line',100 ),
('service', 100),
('service_feature_info', 100),
('service_feature',100 ),
('service_alias', 100),
('provisioning_tag', 100 ),
('provisioning_tag_map', 100),
('provisioning_tag_map_info', 100),
('deferred_action', 100),
('package_price', 100),
('package_product', 100),
('price_package', 100),
('purchased_bundle',100 ),
('purchased_bundle_product', 100),('support_ticket',100),('ticket_details',100);
INSERT INTO `jbilling_table` VALUES (1,'item_dependency'),(3,'language'),(4,'currency'),(5,'entity'),(6,'period_unit'),(7,'invoice_delivery_method'),(8,'entity_delivery_method_map'),(9,'user_status'),(10,'base_user'),(11,'partner'),(12,'customer'),(13,'item_type'),(14,'item'),(15,'item_price'),(17,'order_period'),(18,'order_line_type'),(19,'order_billing_type'),(20,'order_status'),(21,'purchase_order'),(22,'order_line'),(23,'pluggable_task_type_category'),(24,'pluggable_task_type'),(25,'pluggable_task'),(26,'pluggable_task_parameter'),(27,'contact'),(28,'contact_type'),(29,'contact_map'),(30,'invoice_line_type'),(31,'paper_invoice_batch'),(32,'billing_process'),(33,'process_run'),(34,'billing_process_configuration'),(35,'payment_method'),(36,'entity_payment_method_map'),(58,'permission_type'),(59,'permission'),(61,'permission_role_map'),(37,'process_run_total'),(38,'process_run_total_pm'),(39,'invoice'),(40,'invoice_line'),(41,'payment_result'),(42,'payment'),(43,'payment_info_cheque'),(44,'credit_card'),(45,'user_credit_card_map'),(46,'event_log_module'),(47,'event_log_message'),(48,'event_log'),(49,'order_process'),(50,'preference_type'),(51,'preference'),(52,'notification_message_type'),(53,'notification_message'),(54,'notification_message_section'),(55,'notification_message_line'),(56,'notification_message_arch'),(57,'notification_message_arch_line'),(60,'role'),(62,'user_role_map'),(64,'country'),(65,'promotion'),(66,'payment_authorization'),(67,'currency_exchange'),(68,'currency_entity_map'),(69,'ageing_entity_step'),(70,'partner_payout'),(75,'ach'),(76,'contact_field'),(79,'partner_range'),(80,'payment_invoice'),(81,'subscriber_status'),(85,'blacklist'),(87,'generic_status'),(89,'balance_type'),(90,'invoice_status'),(92,'process_run_status'),(99,'contact_field_type'),(100,'report'),(101,'report_type'),(102,'report_parameter'),(104,'notification_category'),(105,'enumeration'),(106,'enumeration_values'),(107,'discount'),(108,'asset_status'),(109,'asset'),(110,'asset_transition'),(111,'account_type'),(112,'meta_field_group'),(113,'meta_field_name'),(114,'validation_rule'),(115,'order_change_status'),(116,'order_change'),(117,'order_change_type'),(118,'asset_assignment'),(119,'device'),(120,'device_status'),(121,'user_device'),(123,'user_device_status'),(124,'device_type'),(139,'support_ticket'),(140,'ticket_details'),
(500, 'mediation_cfg'),
(501, 'mediation_process'), 
(502, 'mediation_record'), 
(503, 'mediation_record_line'), 
(504, 'mediation_record_status'), 
(505, 'service'), 
(506, 'service_status'),
(507, 'service_feature_info'), 
(508, 'service_feature'), 
(509, 'service_feature_status'), 
(510, 'service_alias'),
(511, 'provisioning_tag'),
(512, 'provisioning_tag_map'),
(513, 'provisioning_tag_map_info'),
(514, 'deferred_action'),
(515, 'package_price'),
(516, 'package_price_type'),
(517, 'package_product'),
(518, 'price_package'),
(519, 'purchased_bundle'),
(520, 'purchased_bundle_product');
INSERT INTO `language` VALUES (1,'en','English'),(2,'pt','Portuguese'),(3,'de','Deutsch'),(4,'fr','French');
INSERT INTO `notification_category` VALUES (1),(2),(3),(4),(5);
INSERT INTO `notification_medium_type` VALUES (1,'EMAIL'),(1,'PDF'),(1,'SMS'),(2,'EMAIL'),(2,'PDF'),(2,'SMS'),(3,'EMAIL'),(3,'PDF'),(3,'SMS'),(4,'EMAIL'),(4,'PDF'),(4,'SMS'),(7,'EMAIL'),(7,'PDF'),(7,'SMS'),(8,'EMAIL'),(8,'PDF'),(8,'SMS'),(9,'EMAIL'),(9,'PDF'),(9,'SMS'),(10,'EMAIL'),(10,'PDF'),(10,'SMS'),(11,'EMAIL'),(11,'PDF'),(11,'SMS'),(12,'EMAIL'),(12,'PDF'),(12,'SMS'),(13,'EMAIL'),(13,'PDF'),(13,'SMS'),(14,'EMAIL'),(14,'PDF'),(14,'SMS'),(15,'EMAIL'),(15,'PDF'),(15,'SMS'),(16,'EMAIL'),(16,'PDF'),(16,'SMS'),(17,'EMAIL'),(17,'PDF'),(17,'SMS'),(18,'EMAIL'),(18,'PDF'),(18,'SMS'),(19,'EMAIL'),(19,'PDF'),(19,'SMS'),(20,'EMAIL'),(20,'PDF'),(20,'SMS'),(21,'EMAIL'),(21,'PDF'),(21,'SMS'),(22,'EMAIL'),(22,'PDF'),(22,'SMS'),(23,'EMAIL'),(23,'PDF'),(23,'SMS'),(24,'EMAIL'),(24,'PDF'),(24,'SMS'),(25,'EMAIL'),(25,'PDF'),(25,'SMS'),(26,'EMAIL'),(26,'PDF'),(26,'SMS'),(27,'EMAIL'),(27,'PDF'),(27,'SMS'),(28,'EMAIL'),(28,'PDF'),(28,'SMS'),(29,'EMAIL'),(29,'PDF'),(29,'SMS'),(30,'EMAIL'),(30,'PDF'),(30,'SMS'),(31,'EMAIL'),(31,'PDF'),(31,'SMS'),(32,'EMAIL'),(32,'PDF'),(32,'SMS'),(33,'EMAIL'),(33,'PDF'),(33,'SMS'),(34,'EMAIL'),(34,'PDF'),(34,'SMS'),(35,'EMAIL'),(35,'PDF'),(35,'SMS'),(36,'EMAIL'),(36,'PDF'),(36,'SMS');
INSERT INTO `notification_message_line` VALUES (1,1,'Usage pool consumption status.',0),(2,2,'Dear $userSalutation,\\r\\n\\r\\nYou have used $percentageConsumption% from Free Usage Pool - $usagePoolName.\\r\\n\\r\\nThanks.',0);
INSERT INTO `notification_message_section` VALUES (1,NULL,1,0),(2,NULL,2,0),(3,NULL,3,0);
INSERT INTO `notification_message_type` VALUES (1,1,1),(2,1,4),(3,1,4),(4,1,4),(5,1,4),(6,1,4),(7,1,4),(8,1,4),(9,1,4),(12,1,1),(13,1,2),(14,1,2),(15,1,2),(16,1,3),(17,1,3),(18,1,1),(19,1,4),(20,1,4),(21,0,4),(22,1,3),(23,1,3),(24,0,5),(25,0,4),(26,0,4),(27,0,4);
INSERT INTO `order_billing_type` VALUES (1),(2);
INSERT INTO `order_change_type` VALUES (1,'Default',NULL,'','\0',0);
INSERT INTO `order_line_type` VALUES (1,1),(2,0),(3,0),(4,0),(5,1);
INSERT INTO `order_period` VALUES (1,NULL,NULL,NULL,1),(5,NULL,NULL,NULL,1);
INSERT INTO `payment_method` VALUES (1),(2),(3),(4),(5),(6),(7),(8),(9),(15);
INSERT INTO `payment_method_template` VALUES (1,'Payment Card',0),(2,'ACH',0),(3,'Cheque',0);
INSERT INTO `payment_result` VALUES (1),(2),(3),(4);
INSERT INTO `period_unit` VALUES (1),(2),(3),(4),(5);
LOCK TABLES `permission` WRITE;
/*!40000 ALTER TABLE `permission` DISABLE KEYS */;
INSERT INTO `permission` VALUES (10,1,NULL),(11,1,NULL),(12,1,NULL),(13,1,NULL),(14,1,NULL),(20,2,NULL),(21,2,NULL),(22,2,NULL),(23,2,NULL),(30,3,NULL),(31,3,NULL),(32,3,NULL),(33,3,NULL),(40,4,NULL),(41,4,NULL),(42,4,NULL),(50,5,NULL),(51,5,NULL),(52,5,NULL),(60,6,NULL),(61,6,NULL),(62,6,NULL),(70,7,NULL),(71,7,NULL),(80,8,NULL),(90,9,NULL),(91,9,NULL),(92,9,NULL),(93,9,NULL),(94,9,NULL),(95,9,NULL),(96,9,NULL),(97,9,NULL),(98,9,NULL),(99,9,NULL),(120,10,NULL),(15,1,NULL),(16,1,NULL),(24,2,NULL),(25,2,NULL),(34,3,NULL),(35,3,NULL),(43,4,NULL),(44,4,NULL),(63,6,NULL),(72,7,NULL),(73,7,NULL),(26,2,NULL),(27,2,NULL),(28,2,NULL),(36,3,NULL),(74,7,NULL),(100,9,NULL),(101,9,NULL),(102,9,NULL),(103,9,NULL),(104,9,NULL),(105,9,NULL),(106,9,NULL),(107,11,NULL),(108,11,NULL),(109,11,NULL),(110,11,NULL),(111,9,NULL),(17,1,NULL),(18,1,NULL),(37,3,NULL),(75,7,NULL);
/*!40000 ALTER TABLE `permission` ENABLE KEYS */;
UNLOCK TABLES;

--
-- Dumping data for table `permission_role_map`
--

LOCK TABLES `permission_role_map` WRITE;
/*!40000 ALTER TABLE `permission_role_map` DISABLE KEYS */;
INSERT INTO `permission_role_map` VALUES (10,2),(10,4),(10,7),(10,8),(10,10),(10,20),(11,2),(11,4),(11,5),(11,7),(11,8),(11,10),(11,20),(11,22),(12,2),(12,7),(12,8),(12,10),(12,20),(13,2),(13,7),(13,8),(13,10),(13,20),(14,2),(14,7),(14,8),(14,10),(14,20),(15,2),(15,4),(15,5),(15,7),(15,7),(15,8),(15,8),(15,10),(15,20),(15,22),(16,2),(16,7),(16,7),(16,8),(16,10),(16,20),(17,2),(17,20),(18,2),(18,20),(20,2),(20,4),(20,7),(20,8),(20,10),(20,20),(21,2),(21,4),(21,7),(21,8),(21,10),(21,20),(22,2),(22,7),(22,8),(22,10),(22,20),(23,2),(23,7),(23,8),(23,10),(23,20),(24,2),(24,4),(24,5),(24,7),(24,7),(24,8),(24,8),(24,10),(24,12),(24,20),(24,22),(25,2),(25,7),(25,7),(25,8),(25,10),(25,20),(26,2),(26,7),(26,10),(26,20),(27,2),(27,7),(27,10),(27,20),(28,2),(28,3),(28,4),(28,7),(28,8),(28,10),(28,11),(28,20),(28,21),(30,2),(30,4),(30,5),(30,7),(30,8),(30,10),(30,12),(30,20),(30,22),(31,2),(31,7),(31,8),(31,10),(31,20),(32,2),(32,7),(32,8),(32,10),(32,20),(33,2),(33,7),(33,8),(33,10),(33,20),(34,2),(34,4),(34,5),(34,7),(34,7),(34,8),(34,8),(34,10),(34,12),(34,20),(34,22),(35,2),(35,7),(35,7),(35,8),(35,10),(35,20),(36,2),(36,3),(36,4),(36,7),(36,8),(36,10),(36,11),(36,20),(36,21),(37,2),(40,2),(40,7),(40,8),(40,10),(40,20),(41,2),(41,7),(41,8),(41,10),(41,20),(42,2),(42,7),(42,8),(42,10),(42,20),(43,2),(43,7),(43,7),(43,8),(43,8),(43,10),(43,20),(44,2),(44,7),(44,7),(44,8),(44,10),(44,20),(50,2),(50,7),(50,8),(50,10),(50,20),(51,2),(51,7),(51,8),(51,10),(51,20),(52,2),(52,7),(52,8),(52,10),(52,20),(60,2),(60,7),(60,8),(60,10),(60,20),(61,2),(61,7),(61,8),(61,10),(61,20),(62,2),(62,7),(62,8),(62,10),(62,20),(63,2),(63,7),(63,7),(63,8),(63,8),(63,10),(63,20),(70,2),(70,7),(70,8),(70,10),(70,20),(71,2),(71,7),(71,8),(71,10),(71,20),(72,2),(72,4),(72,5),(72,7),(72,7),(72,8),(72,8),(72,10),(72,12),(72,20),(72,22),(73,2),(73,7),(73,7),(73,8),(73,10),(73,20),(74,2),(74,3),(74,4),(74,7),(74,8),(74,10),(74,11),(74,20),(74,21),(75,20),(80,2),(80,7),(80,10),(80,20),(90,2),(90,4),(90,7),(90,8),(90,10),(90,20),(91,2),(91,4),(91,5),(91,7),(91,8),(91,10),(91,12),(91,20),(91,22),(92,2),(92,4),(92,5),(92,7),(92,8),(92,10),(92,12),(92,20),(92,22),(93,2),(93,4),(93,5),(93,7),(93,8),(93,10),(93,12),(93,20),(93,22),(94,2),(94,7),(94,8),(94,10),(94,20),(95,2),(95,7),(95,8),(95,10),(95,20),(96,2),(96,7),(96,8),(96,10),(96,20),(97,2),(97,7),(97,8),(97,10),(97,20),(98,2),(98,7),(98,8),(98,10),(98,20),(99,2),(99,7),(99,10),(99,20),(100,2),(100,20),(101,2),(101,20),(102,2),(102,20),(103,2),(103,20),(104,2),(104,20),(105,2),(105,20),(106,2),(106,20),(107,2),(107,20),(108,2),(108,20),(109,2),(109,20),(110,2),(110,20),(111,2),(111,20),(120,2),(120,7),(120,10),(120,20);
/*!40000 ALTER TABLE `permission_role_map` ENABLE KEYS */;
UNLOCK TABLES;

--
-- Dumping data for table `permission_type`
--

LOCK TABLES `permission_type` WRITE;
/*!40000 ALTER TABLE `permission_type` DISABLE KEYS */;
INSERT INTO `permission_type` VALUES (1,'Customer'),(2,'Order'),(3,'Payment'),(4,'Product'),(5,'Product Category'),(6,'Plan'),(7,'Invoice'),(8,'Billing'),(9,'Menu'),(10,'API'),(11,'Partner');
/*!40000 ALTER TABLE `permission_type` ENABLE KEYS */;
UNLOCK TABLES;

INSERT INTO `pluggable_task_type` VALUES (1,1,'com.sapienter.jbilling.server.pluggableTask.BasicLineTotalTask',0),(2,1,'com.sapienter.jbilling.server.pluggableTask.GSTTaxTask',2),(3,4,'com.sapienter.jbilling.server.pluggableTask.CalculateDueDate',0),(4,4,'com.sapienter.jbilling.server.pluggableTask.BasicCompositionTask',0),(5,2,'com.sapienter.jbilling.server.pluggableTask.BasicOrderFilterTask',0),(6,3,'com.sapienter.jbilling.server.pluggableTask.BasicInvoiceFilterTask',0),(7,5,'com.sapienter.jbilling.server.pluggableTask.BasicOrderPeriodTask',0),(8,6,'com.sapienter.jbilling.server.pluggableTask.PaymentAuthorizeNetTask',2),(9,7,'com.sapienter.jbilling.server.pluggableTask.BasicEmailNotificationTask',6),(10,8,'com.sapienter.jbilling.server.pluggableTask.BasicPaymentInfoTask',0),(11,6,'com.sapienter.jbilling.server.pluggableTask.PaymentPartnerTestTask',0),(12,7,'com.sapienter.jbilling.server.pluggableTask.PaperInvoiceNotificationTask',1),(13,4,'com.sapienter.jbilling.server.pluggableTask.CalculateDueDateDfFm',0),(14,3,'com.sapienter.jbilling.server.pluggableTask.NoInvoiceFilterTask',0),(15,17,'com.sapienter.jbilling.server.pluggableTask.BasicPenaltyTask',1),(16,2,'com.sapienter.jbilling.server.pluggableTask.OrderFilterAnticipatedTask',0),(17,5,'com.sapienter.jbilling.server.pluggableTask.OrderPeriodAnticipateTask',0),(19,6,'com.sapienter.jbilling.server.pluggableTask.PaymentEmailAuthorizeNetTask',1),(20,10,'com.sapienter.jbilling.server.pluggableTask.ProcessorEmailAlarmTask',3),(21,6,'com.sapienter.jbilling.server.pluggableTask.PaymentFakeTask',0),(22,6,'com.sapienter.jbilling.server.payment.tasks.PaymentRouterCCFTask',2),(23,11,'com.sapienter.jbilling.server.user.tasks.BasicSubscriptionStatusManagerTask',0),(24,6,'com.sapienter.jbilling.server.user.tasks.PaymentACHCommerceTask',5),(25,12,'com.sapienter.jbilling.server.payment.tasks.NoAsyncParameters',0),(26,12,'com.sapienter.jbilling.server.payment.tasks.RouterAsyncParameters',0),(28,13,'com.sapienter.jbilling.server.item.tasks.BasicItemManager',0),(29,13,'com.sapienter.jbilling.server.item.tasks.RulesItemManager',0),(30,1,'com.sapienter.jbilling.server.order.task.RulesLineTotalTask',0),(31,14,'com.sapienter.jbilling.server.item.tasks.RulesPricingTask',0),(32,15,'com.sapienter.jbilling.server.mediation.task.SeparatorFileReader',1),(34,15,'com.sapienter.jbilling.server.mediation.task.FixedFileReader',1),(44,15,'com.sapienter.jbilling.server.mediation.task.JDBCReader',0),(45,15,
'com.sapienter.jbilling.server.mediation.task.MySQLReader',0),(35,8,'com.sapienter.jbilling.server.user.tasks.PaymentInfoNoValidateTask',0),(36,7,'com.sapienter.jbilling.server.notification.task.TestNotificationTask',0),(39,6,'com.sapienter.jbilling.server.payment.tasks.PaymentAtlasTask',5),(40,17,'com.sapienter.jbilling.server.order.task.RefundOnCancelTask',0),(41,17,'com.sapienter.jbilling.server.order.task.CancellationFeeRulesTask',1),(42,6,'com.sapienter.jbilling.server.payment.tasks.PaymentFilterTask',0),(43,17,'com.sapienter.jbilling.server.payment.blacklist.tasks.BlacklistUserStatusTask',0),(49,6,'com.sapienter.jbilling.server.payment.tasks.PaymentRouterCurrencyTask',2),(51,3,'com.sapienter.jbilling.server.invoice.task.NegativeBalanceInvoiceFilterTask',0),(52,17,'com.sapienter.jbilling.server.invoice.task.FileInvoiceExportTask',1),(53,17,'com.sapienter.jbilling.server.system.event.task.InternalEventsRulesTask',0),(54,17,'com.sapienter.jbilling.server.user.balance.DynamicBalanceManagerTask',0),(55,19,'com.sapienter.jbilling.server.user.tasks.UserBalanceValidatePurchaseTask',0),(56,19,'com.sapienter.jbilling.server.user.tasks.RulesValidatePurchaseTask',0),(57,6,'com.sapienter.jbilling.server.payment.tasks.PaymentsGatewayTask',4),(58,17,'com.sapienter.jbilling.server.payment.tasks.SaveCreditCardExternallyTask',1),(59,13,'com.sapienter.jbilling.server.order.task.RulesItemManager2',0),(60,1,'com.sapienter.jbilling.server.order.task.RulesLineTotalTask2',0),(61,14,'com.sapienter.jbilling.server.item.tasks.RulesPricingTask2',0),(62,17,'com.sapienter.jbilling.server.payment.tasks.SaveCreditCardExternallyTask',1),(63,6,'com.sapienter.jbilling.server.pluggableTask.PaymentFakeExternalStorage',0),(64,6,'com.sapienter.jbilling.server.payment.tasks.PaymentWorldPayTask',3),(65,6,'com.sapienter.jbilling.server.payment.tasks.PaymentWorldPayExternalTask',3),(66,17,'com.sapienter.jbilling.server.user.tasks.AutoRechargeTask',0),(67,6,'com.sapienter.jbilling.server.payment.tasks.PaymentBeanstreamTask',3),(68,6,'com.sapienter.jbilling.server.payment.tasks.PaymentSageTask',2),(69,20,'com.sapienter.jbilling.server.process.task.BasicBillingProcessFilterTask',0),(70,20,'com.sapienter.jbilling.server.process.task.BillableUsersBillingProcessFilterTask',0),(71,21,'com.sapienter.jbilling.server.mediation.task.SaveToFileMediationErrorHandler',0),(73,21,'com.sapienter.jbilling.server.mediation.task.SaveToJDBCMediationErrorHandler',1),(75,6,'com.sapienter.jbilling.server.payment.tasks.PaymentPaypalExternalTask',3),(76,6,'com.sapienter.jbilling.server.payment.tasks.PaymentAuthorizeNetCIMTask',2),(77,6,'com.sapienter.jbilling.server.payment.tasks.PaymentMethodRouterTask',4),(81,22,'com.sapienter.jbilling.server.mediation.task.MediationProcessTask',0),(82,22,'com.sapienter.jbilling.server.billing.task.BillingProcessTask',0),(83,22,'com.sapienter.jbilling.server.process.task.ScpUploadTask',4),(84,17,'com.sapienter.jbilling.server.payment.tasks.SaveACHExternallyTask',1),(85,20,'com.sapienter.jbilling.server.process.task.BillableUserOrdersBillingProcessFilterTask',0),(87,24,'com.sapienter.jbilling.server.process.task.BasicAgeingTask',0),(88,22,'com.sapienter.jbilling.server.process.task.AgeingProcessTask',0),(89,24,'com.sapienter.jbilling.server.process.task.BusinessDayAgeingTask',0),(90,4,'com.sapienter.jbilling.server.process.task.SimpleTaxCompositionTask',1),(91,4,'com.sapienter.jbilling.server.process.task.CountryTaxCompositionTask',2),(92,4,'com.sapienter.jbilling.server.process.task.PaymentTermPenaltyTask',2),(97,17,'com.sapienter.jbilling.server.pluggableTask.OverdueInvoicePenaltyTask',1),(98,16,'in.saralam.sbs.server.mediation.task.EostisMediationTask',0),(101,17,'com.sapienter.jbilling.server.user.tasks.EventBasedCustomNotificationTask',0),(105,4,'com.sapienter.jbilling.server.process.task.SureTaxCompositionTask',0),(106,17,'com.sapienter.jbilling.server.process.task.SuretaxDeleteInvoiceTask',0),(107,17,'com.sapienter.jbilling.server.invoice.task.ApplyNegativeInvoiceToPaymentTask',0),(108,17,'com.sapienter.jbilling.server.user.tasks.BalanceThresholdNotificationTask',1),(109,17,'com.sapienter.jbilling.server.user.tasks.UserAgeingNotificationTask',0),(110,22,'com.sapienter.jbilling.server.pluggableTask.FileCleanupTask',2),(111,17,'com.sapienter.jbilling.server.item.tasks.AssetUpdatedTask',0),(112,17,'com.sapienter.jbilling.server.item.tasks.RemoveAssetFromFinishedOrderTask',0),(113,17,'com.sapienter.jbilling.server.order.task.OrderCancellationTask',1),(114,17,'com.sapienter.jbilling.server.order.task.CreateOrderForResellerTask',0),(115,17,'com.sapienter.jbilling.server.invoice.task.DeleteResellerOrderTask',0),(116,22,'com.sapienter.jbilling.server.order.task.OrderChangeUpdateTask',0),(117,22,'com.sapienter.jbilling.server.user.partner.task.CalculateCommissionTask',0),(118,25,'com.sapienter.jbilling.server.user.partner.task.BasicPartnerCommissionTask',0),(119,17,'com.sapienter.jbilling.server.payment.tasks.GeneratePaymentCommissionTask',0),(120,26,'com.sapienter.jbilling.server.process.task.FtpRemoteCopyTask',0),(121,26,'com.sapienter.jbilling.server.process.task.FtpsRemoteCopyTask',0),(122,26,'com.sapienter.jbilling.server.process.task.StpRemoteCopyTask',0),(123,22,'com.sapienter.jbilling.server.process.task.FileExchangeTriggerTask',1),(124,17,'com.sapienter.jbilling.server.user.tasks.CreditLimitationNotificationTask',0),(125,17,'com.sapienter.jbilling.server.order.task.OrderChangeApplyOrderStatusTask',0),(126,22,'com.sapienter.jbilling.server.pluggableTask.InactiveUserManagementTask',0),(1000,17,'com.sapienter.jbilling.server.service.task.SubscriptionActiveEventTask', 0),(1001,17,'com.sapienter.jbilling.server.order.task.SubscriptionManagerTask', 0);

INSERT INTO `pluggable_task_type_category` VALUES (1,'com.sapienter.jbilling.server.pluggableTask.OrderProcessingTask'),(2,'com.sapienter.jbilling.server.pluggableTask.OrderFilterTask'),(3,'com.sapienter.jbilling.server.pluggableTask.InvoiceFilterTask'),(4,'com.sapienter.jbilling.server.pluggableTask.InvoiceCompositionTask'),(5,'com.sapienter.jbilling.server.pluggableTask.OrderPeriodTask'),(6,'com.sapienter.jbilling.server.pluggableTask.PaymentTask'),(7,'com.sapienter.jbilling.server.pluggableTask.NotificationTask'),(8,'com.sapienter.jbilling.server.pluggableTask.PaymentInfoTask'),(9,'com.sapienter.jbilling.server.pluggableTask.PenaltyTask'),(10,'com.sapienter.jbilling.server.pluggableTask.ProcessorAlarm'),(11,'com.sapienter.jbilling.server.user.tasks.ISubscriptionStatusManager'),(12,'com.sapienter.jbilling.server.payment.tasks.IAsyncPaymentParameters'),(13,'com.sapienter.jbilling.server.item.tasks.IItemPurchaseManager'),(14,'com.sapienter.jbilling.server.item.tasks.IPricing'),
(15,'com.sapienter.jbilling.server.mediation.task.IMediationReader'),(16,'com.sapienter.jbilling.server.mediation.task.IMediationProcess'),(17,'com.sapienter.jbilling.server.system.event.task.IInternalEventsTask'),(19,'com.sapienter.jbilling.server.user.tasks.IValidatePurchaseTask'),(20,'com.sapienter.jbilling.server.process.task.IBillingProcessFilterTask'),(21,'com.sapienter.jbilling.server.mediation.task.IMediationErrorHandler'),(22,'com.sapienter.jbilling.server.process.task.IScheduledTask'),(23,'com.sapienter.jbilling.server.rule.task.IRulesGenerator'),(24,'com.sapienter.jbilling.server.process.task.IAgeingTask'),(25,'com.sapienter.jbilling.server.user.partner.task.IPartnerCommissionTask'),(26,'com.sapienter.jbilling.server.process.task.IFileExchangeTask');
INSERT INTO `preference_type` VALUES (4,NULL,NULL),(13,NULL,NULL),(14,NULL,NULL),(15,NULL,NULL),(16,NULL,NULL),(17,NULL,NULL),(18,NULL,NULL),(19,'1',NULL),(20,'1',NULL),(21,'0',NULL),(22,NULL,NULL),(23,NULL,NULL),(24,'0',NULL),(25,'0',NULL),(27,'0',NULL),(28,NULL,NULL),(29,'https://www.paypal.com/en_US/i/btn/x-click-but6.gif',NULL),(30,NULL,NULL),(31,'',NULL),(32,'0',NULL),(33,'0',NULL),(35,'0',NULL),(36,'1',NULL),(38,'1',NULL),(39,'0',1),(40,'0',2),(41,'0',NULL),(43,'0',NULL),(44,'0',NULL),(45,'0',NULL),(46,'0',NULL),(49,NULL,NULL),(50,'2',NULL),(51,'0',NULL),(52,'0',NULL),(53,'0',NULL),(55,'0',NULL),(61,'INVOICE',NULL),(63,'0',NULL),(64,'realm',NULL),(65,'0',NULL),(66,'0',NULL),(67,'1',NULL),(68,'0',NULL),(71,'24',NULL),(75,'0',NULL),(76,'10',4);
INSERT INTO `report` VALUES (1,1,'total_invoiced','total_invoiced.jasper',0),(2,1,'ageing_balance','ageing_balance.jasper',0),(3,2,'product_subscribers','product_subscribers.jasper',0),(4,3,'total_payments','total_payments.jasper',0),(5,4,'user_signups','user_signups.jasper',0),(6,4,'top_customers','top_customers.jasper',0),(7,1,'accounts_receivable','accounts_receivable.jasper',0),(8,1,'gl_detail','gl_detail.jasper',0),(9,1,'gl_summary','gl_summary.jasper',0),(11,4,'total_invoiced_per_customer','total_invoiced_per_customer.jasper',0),(12,4,'total_invoiced_per_customer_over_years','total_invoiced_per_customer_over_years.jasper',0),(13,4,'user_activity','user_activity.jasper',0);
INSERT INTO `report_parameter` VALUES (1,1,'date','start_date'),(2,1,'date','end_date'),(3,1,'integer','period'),(4,3,'integer','item_id'),(5,4,'date','start_date'),(6,4,'date','end_date'),(7,4,'integer','period'),(8,5,'date','start_date'),(9,5,'date','end_date'),(10,5,'integer','period'),(11,6,'date','start_date'),(12,6,'date','end_date'),(13,8,'date','date'),(14,9,'date','date'),(18,11,'date','start_date'),(19,11,'date','end_date'),(20,12,'string','start_year'),(21,12,'string','end_year'),(22,13,'integer','activity_days'),(23,13,'string','active_status'),(24,13,'string','order_by');
INSERT INTO `report_type` VALUES (1,'invoice',0),(2,'order',0),(3,'payment',0),(4,'user',0);
INSERT INTO `role` VALUES (2,NULL,2),(3,NULL,3),(4,NULL,4),(5,NULL,5);
-- Dumping data for table `support_ticket`
--

LOCK TABLES `support_ticket` WRITE;
/*!40000 ALTER TABLE `support_ticket` DISABLE KEYS */;
/*!40000 ALTER TABLE `support_ticket` ENABLE KEYS */;
UNLOCK TABLES;

--
-- Dumping data for table `ticket_details`
--

LOCK TABLES `ticket_details` WRITE;
/*!40000 ALTER TABLE `ticket_details` DISABLE KEYS */;
/*!40000 ALTER TABLE `ticket_details` ENABLE KEYS */;
UNLOCK TABLES;

--
-- Dumping data for table `ticket_status`
--

LOCK TABLES `ticket_status` WRITE;
/*!40000 ALTER TABLE `ticket_status` DISABLE KEYS */;
INSERT INTO `ticket_status` VALUES (1,'New'),(2,'Open'),(3,'Closed');
/*!40000 ALTER TABLE `ticket_status` ENABLE KEYS */;
UNLOCK TABLES;

INSERT INTO `tab` VALUES (1,'menu.link.customers','customer','/customer/list','',1,1),(2,'menu.link.partners','partner','/partner/list','',1,2),(3,'menu.link.invoices','invoice','/invoice/list','',1,3),(4,'menu.link.payments.refunds','payment','/payment/list','',1,4),(5,'menu.link.orders','order','/order/list','',1,5),(6,'menu.link.billing','billing','/billing/list','',1,6),(8,'menu.link.reports','report','/report/list','',1,8),(9,'menu.link.products','product','/product/list','',1,10),(11,'menu.link.configuration','config','/config/index','',1,12),(12,'menu.link.discounts','discount','/discount/list','',1,9),(13,'menu.link.openrate','openRate','/openrate/list','',1,13),(14,'menu.link.mediation','mediation','/mediation/list','',1,14),(15,'menu.link.subscription','subscription','/subscription/list','',1,15),(16,'menu.link.voucher','voucher','/voucher/list','',1,16),(17,'menu.link.crm','CRM','/CRM/list','',1,17),(18,'menu.link.devices','device','/device/list','',1,18),
(19,'menu.link.bundles','bundle','/bundle/list','',1,19);
INSERT INTO `user_status` VALUES (1,1);
INSERT INTO `validation_rule` VALUES (1,'RANGE','',0),(2,'RANGE','',0),(3,'RANGE','',0),(4,'RANGE','',0);
INSERT INTO `validation_rule_attributes` VALUES (1,'minRange','0'),(1,'maxRange','7'),(2,'minRange','0'),(2,'maxRange','91'),(3,'minRange','0'),(3,'maxRange','91'),(4,'minRange','0'),(4,'maxRange','600000');

SET foreign_key_checks = 1;
